open,high,low,close,volume,marketCap,timestamp
1.000396645,39.39885695,1.000394131,8.518083074,2365742865,2363768053,2022-03-17T00:00:00.000Z
8.530408283,17.75401327,8.530408283,12.96281984,8934642172,3597182506,2022-03-18T00:00:00.000Z
13.00159539,14.54362057,11.51511216,11.5642055,2837336308,3209067027,2022-03-19T00:00:00.000Z
11.61314002,11.90557546,9.536022169,9.603505274,2048782413,2664972713,2022-03-20T00:00:00.000Z
9.604387044,10.98193859,9.593103182,10.495659,2104738824,2912545373,2022-03-21T00:00:00.000Z
10.52618449,12.53939842,10.26408565,12.26429146,2496987122,3403340881,2022-03-22T00:00:00.000Z
12.24062643,13.47387321,11.59881341,13.35115269,2607900619,3704944872,2022-03-23T00:00:00.000Z
13.33035703,14.44973573,12.8472002,12.8472002,2259522622,3565098054,2022-03-24T00:00:00.000Z
12.87290086,13.64119932,12.30827651,12.37875745,1086799627,3435105193,2022-03-25T00:00:00.000Z
12.3866545,14.23239564,12.3866545,13.85360034,1227199702,3844374095,2022-03-26T00:00:00.000Z
13.84697134,14.33853669,13.31623945,14.27673875,975486555.5,3961795002,2022-03-27T00:00:00.000Z
14.27232307,15.49214453,14.01306454,14.03518196,1402491863,3894762995,2022-03-28T00:00:00.000Z
14.01711337,14.54459183,13.4252447,13.60737206,887740568.1,3776045747,2022-03-29T00:00:00.000Z
13.60788989,14.54049374,13.14608801,14.13038081,986826767.8,3921180673,2022-03-30T00:00:00.000Z
14.13988842,14.35159044,12.53972208,12.68855108,766359778.3,3521072924,2022-03-31T00:00:00.000Z
12.70177322,13.5774675,12.26873218,12.79120917,651242532.4,3549560544,2022-04-01T00:00:00.000Z
12.79996366,13.77792262,12.39025124,12.40946623,681556508.3,3443626879,2022-04-02T00:00:00.000Z
12.40271582,12.88813493,11.97021883,12.44699275,472450738.2,3454040487,2022-04-03T00:00:00.000Z
12.4310744,12.4310744,11.24938713,11.94713502,507149379.6,3315329967,2022-04-04T00:00:00.000Z
11.94746754,12.77760647,11.56452067,11.61301586,627863776.3,3222611900,2022-04-05T00:00:00.000Z
11.61169047,12.01509567,10.56714613,10.65385056,588354727.1,2956443529,2022-04-06T00:00:00.000Z
10.65570761,11.25329779,10.65459785,11.20594931,443150702.1,3109650935,2022-04-07T00:00:00.000Z
11.20464661,11.56317812,10.69270971,10.77782477,413271568.4,2990846373,2022-04-08T00:00:00.000Z
10.77711948,11.04131603,10.62977133,10.98413081,185745790.2,3048096301,2022-04-09T00:00:00.000Z
10.98485342,12.33709682,10.84621959,12.15882564,571227341.7,3374074114,2022-04-10T00:00:00.000Z
12.14970977,12.14970977,10.69260197,10.89950008,697771264.3,3024611272,2022-04-11T00:00:00.000Z
10.91323188,12.10058478,10.72653978,11.62248594,517476476.3,3225239847,2022-04-12T00:00:00.000Z
11.62317833,13.38170178,11.48587432,13.24973679,902368367.7,3676801958,2022-04-13T00:00:00.000Z
13.25353308,13.46423887,11.96857408,12.28127571,641038122.7,3408054009,2022-04-14T00:00:00.000Z
12.28038241,12.58879284,12.0266224,12.22294834,322160909.3,3391868165,2022-04-15T00:00:00.000Z
12.22292469,12.2787741,11.34340264,11.67702658,281862108.3,3240374877,2022-04-16T00:00:00.000Z
11.6770115,12.08069965,11.4961844,11.73677815,275150580,3256955937,2022-04-17T00:00:00.000Z
11.73774208,11.89414597,10.99715879,11.85958305,388176427.9,3291034297,2022-04-18T00:00:00.000Z
11.86482735,13.47694314,11.70348383,13.36837827,760602401.8,3709724970,2022-04-19T00:00:00.000Z
13.37524638,17.43036507,13.02416473,16.79867833,2857428966,4784998531,2022-04-20T00:00:00.000Z
16.79071241,16.79071241,14.11814792,14.31629925,1336217402,4077908364,2022-04-21T00:00:00.000Z
14.31614013,15.37305553,13.76717286,15.37305553,1075890630,4378918785,2022-04-22T00:00:00.000Z
15.37177329,18.21728697,15.24477696,16.67290562,2261630142,4749172960,2022-04-23T00:00:00.000Z
16.67501699,17.83710147,16.00962831,16.81882603,1421266756,4790737476,2022-04-24T00:00:00.000Z
16.81995013,19.49019784,16.24194379,19.43949944,2262041600,5537219918,2022-04-25T00:00:00.000Z
19.43566511,19.52175166,17.46909638,17.98917005,1806171089,5124102656,2022-04-26T00:00:00.000Z
18.01442537,19.91974699,17.90616488,19.41776448,1620047800,5531028850,2022-04-27T00:00:00.000Z
19.42281792,26.91390952,19.14550885,23.61934527,4463220080,6727822880,2022-04-28T00:00:00.000Z
23.65479368,24.39236486,18.57297811,19.15738114,5571571758,5456860284,2022-04-29T00:00:00.000Z
19.16696552,25.41008502,19.14520076,20.00500403,5331448786,5698300367,2022-04-30T00:00:00.000Z
20.01911952,20.24111193,15.69183277,15.97115962,3368959817,4549284998,2022-05-01T00:00:00.000Z
15.96877706,17.21416774,14.2778141,15.04414137,2007557503,4285229644,2022-05-02T00:00:00.000Z
15.05166616,15.70370503,13.92601384,14.14929049,1322550198,4030336963,2022-05-03T00:00:00.000Z
14.14911833,17.55027093,14.07129354,15.57663997,2828193179,4436908541,2022-05-04T00:00:00.000Z
15.59055829,16.60264118,12.98855863,13.72922113,1827533738,3910682831,2022-05-05T00:00:00.000Z
13.71782497,13.81637127,12.86965476,13.25715474,1075320485,3776217670,2022-05-06T00:00:00.000Z
13.26065017,13.31858975,12.16308477,12.37107587,804260091.6,3523823642,2022-05-07T00:00:00.000Z
12.37098344,12.46028901,11.10407833,11.2060935,689709471.6,3191985696,2022-05-08T00:00:00.000Z
11.20844148,11.57863513,8.135061482,8.151850202,1422274171,2322003581,2022-05-09T00:00:00.000Z
8.150934754,10.17075232,7.895033589,9.022140524,1713449831,2569900340,2022-05-10T00:00:00.000Z
9.022826509,9.416251789,5.248231761,5.65558964,1495817383,1610959362,2022-05-11T00:00:00.000Z
5.676552788,8.945162866,5.434335723,7.80708009,2412124370,2223797969,2022-05-12T00:00:00.000Z
7.792915877,9.726599649,7.746222567,8.594406473,1769246887,2448062969,2022-05-13T00:00:00.000Z
8.587621749,9.062336749,7.278661831,8.65826442,1027216992,2466252506,2022-05-14T00:00:00.000Z
8.666493263,9.151747182,8.094295097,9.092935066,798462332.2,2590065723,2022-05-15T00:00:00.000Z
9.09092305,9.119395217,7.88385228,8.068636109,649248074.5,2298300567,2022-05-16T00:00:00.000Z
8.073295015,9.209086467,8.073295015,8.851050644,886481693,2586166360,2022-05-17T00:00:00.000Z
8.849335793,9.029129095,7.681936749,7.909566566,680566367.3,2311076481,2022-05-18T00:00:00.000Z
7.919185108,8.255364582,7.470880638,8.081360608,652533731,2361272553,2022-05-19T00:00:00.000Z
8.080072707,8.352227272,7.554178645,7.777633982,511943658.9,2272527429,2022-05-20T00:00:00.000Z
7.775473491,8.193628393,7.620685626,8.033516846,328112432.9,2347293203,2022-05-21T00:00:00.000Z
8.035659333,8.187561651,7.781151603,8.041804215,345848922.8,2349714669,2022-05-22T00:00:00.000Z
8.038249755,8.473359811,7.65005552,7.736125408,610619083.9,2260399143,2022-05-23T00:00:00.000Z
7.738398273,7.87761056,7.062945354,7.500408044,511056276.8,2191525475,2022-05-24T00:00:00.000Z
7.500419308,7.708695672,7.280463163,7.336769621,351865362.3,2143712374,2022-05-25T00:00:00.000Z
7.337701972,7.433209364,6.30393563,6.401498406,550295381.7,1870437816,2022-05-26T00:00:00.000Z
6.393760149,6.45740862,5.837894261,6.071037147,561555373.9,1773881167,2022-05-27T00:00:00.000Z
6.212724184,6.385071008,6.058015945,6.240003256,268353117.1,1823250951,2022-05-28T00:00:00.000Z
6.23943381,6.348501861,5.994231595,6.23619712,237272480.4,1822138846,2022-05-29T00:00:00.000Z
6.236317873,7.436798213,6.165521281,7.209811909,602522016.6,2106616917,2022-05-30T00:00:00.000Z
7.209437768,7.315714413,6.621993554,6.756458865,509173684,1974152825,2022-05-31T00:00:00.000Z
6.758082309,7.004538114,5.990419395,6.119042989,470391716.5,1787907873,2022-06-01T00:00:00.000Z
6.116751842,6.452538375,6.000918365,6.408193445,339112168.2,1872394022,2022-06-02T00:00:00.000Z
6.407899168,6.482149349,6.020053101,6.129396455,255582633.1,1790933027,2022-06-03T00:00:00.000Z
6.132932167,6.220408969,6.029193047,6.192969866,163929579.8,1809508383,2022-06-04T00:00:00.000Z
6.193705391,6.236506922,6.073845961,6.098911806,146852509.3,1782025793,2022-06-05T00:00:00.000Z
6.100090141,6.432486473,6.092298482,6.393667044,229600022.1,1868149589,2022-06-06T00:00:00.000Z
6.394171595,6.394171595,5.864569428,6.047245344,281897712.3,1766929499,2022-06-07T00:00:00.000Z
6.045705849,6.116781232,5.698337695,5.71122142,219189805.6,1668747509,2022-06-08T00:00:00.000Z
5.711459218,5.911889835,5.664951223,5.726398315,150758179.7,1673182008,2022-06-09T00:00:00.000Z
5.726034964,5.735837526,5.169598152,5.173465988,218283961,1511622093,2022-06-10T00:00:00.000Z
5.175363195,5.537101029,4.693191357,4.721794581,293335296,1379649354,2022-06-11T00:00:00.000Z
4.724074537,4.790223102,3.910885732,3.910885732,351176402.9,1142711925,2022-06-12T00:00:00.000Z
3.907360977,3.974695219,3.225756161,3.461218949,589010008.6,1011324912,2022-06-13T00:00:00.000Z
3.463190487,3.900097795,3.260057392,3.630507032,397406723.4,1060788774,2022-06-14T00:00:00.000Z
3.62716881,4.244857353,3.086122575,4.160170294,476539143.4,1215549758,2022-06-15T00:00:00.000Z
4.162150024,4.273245707,3.31388357,3.374786439,353156128.8,986070412.5,2022-06-16T00:00:00.000Z
3.372260258,3.816922705,3.353502464,3.743336953,257052287.1,1121246397,2022-06-17T00:00:00.000Z
3.741924916,3.845716511,3.134705424,3.623149933,346227542.6,1085246628,2022-06-18T00:00:00.000Z
3.621855306,4.480147304,3.413360436,4.146917452,472080784.8,1242131368,2022-06-19T00:00:00.000Z
4.142590718,4.791952749,3.870128701,4.50522624,626683049.9,1349456047,2022-06-20T00:00:00.000Z
4.503477059,4.831110945,4.332613625,4.373901068,467619512.6,1310120054,2022-06-21T00:00:00.000Z
4.379028716,4.396703766,3.965923975,3.965923975,308581183.5,1187918165,2022-06-22T00:00:00.000Z
3.971827088,4.459567844,3.971827088,4.395532678,264217217.8,1316599398,2022-06-23T00:00:00.000Z
4.39566397,4.594157975,4.362195411,4.493476469,238876819.3,1345936624,2022-06-24T00:00:00.000Z
4.493679153,4.655029688,4.298559547,4.561656618,228743567.1,1366358709,2022-06-25T00:00:00.000Z
4.560886413,5.259029608,4.517941808,4.702744197,527832506.2,1408618848,2022-06-26T00:00:00.000Z
4.702876755,5.227757282,4.692985951,5.116056899,338029849.3,1532418918,2022-06-27T00:00:00.000Z
5.114872004,5.532866329,4.821794925,4.899018162,530539480.7,1467409034,2022-06-28T00:00:00.000Z
4.899396065,5.116307351,4.636262196,4.682036915,342342466.4,1402416370,2022-06-29T00:00:00.000Z
4.684041399,4.729328955,4.229153483,4.617769929,273875440.6,1383166399,2022-06-30T00:00:00.000Z
4.627211498,4.78192183,4.375067114,4.52213581,259241662.7,1354520992,2022-07-01T00:00:00.000Z
4.52319322,4.602413799,4.376258215,4.516929451,157972133.5,1352961525,2022-07-02T00:00:00.000Z
4.516706319,4.669402782,4.481899257,4.56536286,143372080.9,1367468844,2022-07-03T00:00:00.000Z
4.565889346,4.935237067,4.419390709,4.92960161,201295426.1,1476569732,2022-07-04T00:00:00.000Z
4.926792122,5.06813034,4.636704932,4.951405762,331663508.8,1483100757,2022-07-05T00:00:00.000Z
4.951507235,5.140276246,4.766011458,5.028633167,351374415.2,1506232778,2022-07-06T00:00:00.000Z
5.028246424,5.23494552,4.908765517,5.108324832,267623090,1530102922,2022-07-07T00:00:00.000Z
5.111078445,5.276920794,4.923472413,4.965312561,235241918.6,1487266278,2022-07-08T00:00:00.000Z
4.965115883,5.078383087,4.951912247,5.011019058,140558834.4,1500956802,2022-07-09T00:00:00.000Z
5.011510497,5.04212079,4.719401074,4.789759343,148336840.1,1434682603,2022-07-10T00:00:00.000Z
4.789316584,4.789316584,4.30328126,4.339305043,176744828,1299757464,2022-07-11T00:00:00.000Z
4.340562041,4.389237501,4.201758822,4.229831719,206338876.1,1266966782,2022-07-12T00:00:00.000Z
4.231181989,4.587570265,4.202410615,4.574599833,512024823.1,1370235606,2022-07-13T00:00:00.000Z
4.574773735,4.72685985,4.359872009,4.676286272,376414351.6,1400693872,2022-07-14T00:00:00.000Z
4.67784159,4.773193773,4.540847295,4.606583926,308414612,1379815842,2022-07-15T00:00:00.000Z
4.606106612,4.871496828,4.457141816,4.763715014,283628665.3,1426881513,2022-07-16T00:00:00.000Z
4.764422915,5.145694124,4.65260758,4.971116933,433491765.6,1489004869,2022-07-17T00:00:00.000Z
4.973979562,6.209251412,4.973973353,5.990542705,896798611.5,1838347793,2022-07-18T00:00:00.000Z
5.988930016,6.322431792,5.645895866,6.080739683,707018189.6,1866026990,2022-07-19T00:00:00.000Z
6.080790051,6.482664923,5.820911262,5.875072622,649123451.2,1802912911,2022-07-20T00:00:00.000Z
5.874912648,6.53240839,5.669744693,6.414717793,518964129.2,1968516523,2022-07-21T00:00:00.000Z
6.414540862,6.877780673,6.197004682,6.222557832,732131400,1909547435,2022-07-22T00:00:00.000Z
6.215590899,6.871294667,6.162644071,6.656672526,571175468.6,2042766381,2022-07-23T00:00:00.000Z
6.654953723,6.899808155,6.4485079,6.456275663,414896428.9,1981269594,2022-07-24T00:00:00.000Z
6.454517325,6.609124643,6.015590188,6.015590188,490323984.6,1846034239,2022-07-25T00:00:00.000Z
6.014645674,6.043710132,5.445454653,5.733335571,416746232.9,1759417353,2022-07-26T00:00:00.000Z
5.739654037,6.883761345,5.65126066,6.827619387,602482057.3,2095225699,2022-07-27T00:00:00.000Z
6.829622975,7.18694634,6.402115915,6.924150268,793799138.3,2124848614,2022-07-28T00:00:00.000Z
6.925301284,7.123657669,6.542013743,6.680419151,583221546.5,2050053627,2022-07-29T00:00:00.000Z
6.679641658,7.082201123,6.609716011,6.67713535,437110813.4,2049045911,2022-07-30T00:00:00.000Z
6.679093374,7.259042197,6.641570481,6.719763483,420277175.3,2062127419,2022-07-31T00:00:00.000Z
6.720442804,7.221046678,6.487158057,6.670801373,540388839,2047102171,2022-08-01T00:00:00.000Z
6.663595716,6.967727718,6.2340051,6.651147816,566478910.3,2041070986,2022-08-02T00:00:00.000Z
6.652436848,7.453035833,6.591698121,7.175815872,733138216.5,2202078496,2022-08-03T00:00:00.000Z
7.175889177,7.662086846,7.126394857,7.446676848,559104662.3,2285198958,2022-08-04T00:00:00.000Z
7.443192711,7.681625217,7.359308727,7.57033184,402342948.8,2323145583,2022-08-05T00:00:00.000Z
7.569011037,7.569121728,7.235268229,7.263979493,257257346.6,2229133707,2022-08-06T00:00:00.000Z
7.265453562,7.366884211,7.120683965,7.206579684,226970071.9,2211519141,2022-08-07T00:00:00.000Z
7.207176047,7.535111537,7.191853006,7.317911286,274431977.8,2245684026,2022-08-08T00:00:00.000Z
7.31756049,7.471953413,6.853685172,7.028346457,281806425.7,2156823819,2022-08-09T00:00:00.000Z
7.028359248,7.233510715,6.680728622,7.10110982,514342662,2179153076,2022-08-10T00:00:00.000Z
7.100190966,7.235685116,6.823132377,6.912758809,363870806.5,2121352860,2022-08-11T00:00:00.000Z
6.911794752,7.067197757,6.748816623,7.0333417,250881766.1,2158356734,2022-08-12T00:00:00.000Z
7.033835601,7.138870799,6.615535274,6.635317022,246305592.6,2036212911,2022-08-13T00:00:00.000Z
6.637951727,6.887869858,6.354354114,6.37124802,296183741,1955176736,2022-08-14T00:00:00.000Z
6.372116537,6.781048024,6.103890441,6.22897433,357082254.2,1911516497,2022-08-15T00:00:00.000Z
6.225688853,6.348961364,6.137777044,6.199746576,222218557.7,1902547231,2022-08-16T00:00:00.000Z
6.199562684,6.427277091,5.970755067,6.098353198,229677936.5,1871432138,2022-08-17T00:00:00.000Z
6.099508239,6.396243654,5.747095808,5.774028017,308068747.5,1771904848,2022-08-18T00:00:00.000Z
5.77554208,5.784167218,5.102456525,5.119576958,509708530.7,1571070179,2022-08-19T00:00:00.000Z
5.11848022,5.327409525,4.872933655,5.037741191,325749294.4,1545956828,2022-08-20T00:00:00.000Z
5.036226222,5.324205913,4.889737729,5.199486025,327164745.5,1595592274,2022-08-21T00:00:00.000Z
5.197911235,5.204805372,4.916012548,5.204178266,373147272.3,1597032205,2022-08-22T00:00:00.000Z
5.204801711,5.280870837,5.022650097,5.250859383,244473279.3,1611357473,2022-08-23T00:00:00.000Z
5.250230395,5.515608426,5.079727819,5.322164989,489052477.8,1633239381,2022-08-24T00:00:00.000Z
5.32246342,5.473466479,5.205188179,5.3711104,281460576.9,1648259504,2022-08-25T00:00:00.000Z
5.372780663,5.376559578,4.750085946,4.771576502,260659207,1464277539,2022-08-26T00:00:00.000Z
4.772769618,4.834990327,4.67768982,4.753100094,179440110.1,1458607591,2022-08-27T00:00:00.000Z
4.752613414,5.043902808,4.639889648,4.640104264,173049612.1,1423931996,2022-08-28T00:00:00.000Z
4.64218974,4.997566345,4.613645164,4.992322344,191228413.1,1532018919,2022-08-29T00:00:00.000Z
4.99145998,5.065033443,4.683753331,4.806188235,170585908.8,1474899015,2022-08-30T00:00:00.000Z
4.804821888,4.978129598,4.730827633,4.758610024,144777584.3,1460298451,2022-08-31T00:00:00.000Z
4.75946352,4.806764105,4.610149765,4.764357889,132787627.4,1462062327,2022-09-01T00:00:00.000Z
4.763998421,4.857432831,4.656217637,4.702613154,146188437.4,1443114412,2022-09-02T00:00:00.000Z
4.70140637,4.777957492,4.680619027,4.754946271,88052812.14,1459174137,2022-09-03T00:00:00.000Z
4.75497434,4.809410209,4.721994501,4.793914833,90847904.03,1471132614,2022-09-04T00:00:00.000Z
4.794431788,4.826624931,4.649783878,4.746495465,89323702.39,1456580796,2022-09-05T00:00:00.000Z
4.747794424,4.80349069,4.309727386,4.310081138,187826915,1322656149,2022-09-06T00:00:00.000Z
4.309106431,4.467486092,4.194279963,4.424434315,122860278,1357748281,2022-09-07T00:00:00.000Z
4.424463689,4.543086347,4.369252136,4.498270865,148042264.4,1380406872,2022-09-08T00:00:00.000Z
4.498492108,5.272311944,4.49729284,5.047115353,372516473.4,1548833524,2022-09-09T00:00:00.000Z
5.046586739,5.111761303,4.940887582,5.057498359,184225535.1,1552019809,2022-09-10T00:00:00.000Z
5.056870934,5.789677592,4.975252624,5.662196268,507706089.3,1737586480,2022-09-11T00:00:00.000Z
5.666643779,5.676080926,5.246380188,5.480908907,321480576.9,1681953921,2022-09-12T00:00:00.000Z
5.480614021,5.869175784,5.049216584,5.19348981,522800624,1593752185,2022-09-13T00:00:00.000Z
5.150659006,5.248474648,4.848863778,5.099153958,286457957.7,1564802871,2022-09-14T00:00:00.000Z
5.099152569,5.302756699,4.872282992,4.895805931,311558856,1502400445,2022-09-15T00:00:00.000Z
4.896563248,4.973763182,4.57954059,4.65926556,195223117.3,1429812119,2022-09-16T00:00:00.000Z
4.660153188,5.692035027,4.660153188,5.636939425,314567929.9,1729835786,2022-09-17T00:00:00.000Z
5.634869401,5.690583749,5.039926135,5.075180648,389270055.5,1557446061,2022-09-18T00:00:00.000Z
5.073024779,6.120070272,4.953969505,5.874984734,626449891.9,1802885940,2022-09-19T00:00:00.000Z
5.875499372,5.926160637,5.589299156,5.716227694,461396407.4,1754167374,2022-09-20T00:00:00.000Z
5.717578325,6.344587901,5.520789524,5.825427667,629196921.2,1787678115,2022-09-21T00:00:00.000Z
5.823238673,6.006496747,5.62487801,5.91682249,380901232.1,1815724902,2022-09-22T00:00:00.000Z
5.914778255,6.073359416,5.463894696,5.684165862,357366116.3,1744328399,2022-09-23T00:00:00.000Z
5.683505142,5.695989959,5.412709478,5.427943104,193121532.1,1665700040,2022-09-24T00:00:00.000Z
5.427140012,5.71830242,5.378484439,5.716200829,244172178.2,1754159129,2022-09-25T00:00:00.000Z
5.71582433,5.777679793,5.374743847,5.511944479,225504526.2,1691477962,2022-09-26T00:00:00.000Z
5.511880937,5.787726178,5.305222562,5.427742934,323185574.7,1665638613,2022-09-27T00:00:00.000Z
5.424950763,5.46234657,5.234521664,5.38031818,168682376.7,1651085141,2022-09-28T00:00:00.000Z
5.380673644,5.473503264,5.29051545,5.439995562,143892071,1669398638,2022-09-29T00:00:00.000Z
5.439631499,5.559148442,5.363075984,5.410193187,165235977,1660253034,2022-09-30T00:00:00.000Z
5.409219318,5.429345215,5.204569694,5.245965737,100139951.3,1609855736,2022-10-01T00:00:00.000Z
5.246587975,5.309517451,5.00782327,5.015116134,107878366.2,1539013764,2022-10-02T00:00:00.000Z
5.015060732,5.20647334,4.979504697,5.179111956,129796980.5,1589339982,2022-10-03T00:00:00.000Z
5.178688474,5.354322007,5.172357379,5.2631725,114689002.8,1615136061,2022-10-04T00:00:00.000Z
5.262858467,5.268004279,5.085282418,5.203680658,106557175.6,1596879502,2022-10-05T00:00:00.000Z
5.204352109,5.405069845,5.136272541,5.164095998,157110984.7,1584731959,2022-10-06T00:00:00.000Z
5.163664689,5.241393378,5.086456976,5.183646221,105429663.8,1590731434,2022-10-07T00:00:00.000Z
5.182931967,5.229444551,5.117993883,5.160805037,62800782.75,1583722046,2022-10-08T00:00:00.000Z
5.161311408,5.297488895,5.1426687,5.267831552,75866495.07,1616565807,2022-10-09T00:00:00.000Z
5.266791987,5.343387515,5.124594557,5.145077272,122950695.8,1578895588,2022-10-10T00:00:00.000Z
5.145319467,5.158523501,4.635101932,4.693369961,327916650.1,1440277907,2022-10-11T00:00:00.000Z
4.694908188,4.767121384,4.63938161,4.719128359,155902650,1448182515,2022-10-12T00:00:00.000Z
4.718685369,4.733173783,4.230640852,4.547484444,284644290,1395509289,2022-10-13T00:00:00.000Z
4.54750952,4.74346594,4.457187496,4.517355018,153827205.6,1386263321,2022-10-14T00:00:00.000Z
4.517226923,4.544451437,4.427825458,4.438891296,84785730.78,1362184766,2022-10-15T00:00:00.000Z
4.438795521,4.566074816,4.438795521,4.514190088,86344327.14,1385292083,2022-10-16T00:00:00.000Z
4.513698918,4.578887572,4.486532067,4.563420058,84198551.84,1400399530,2022-10-17T00:00:00.000Z
4.563146091,4.612471265,4.340516967,4.413930059,116135004.9,1354524787,2022-10-18T00:00:00.000Z
4.414967967,4.421700364,4.254061482,4.259272589,95292164.72,1307064276,2022-10-19T00:00:00.000Z
4.258988164,4.364950383,4.163396611,4.20350524,96765826.98,1289950671,2022-10-20T00:00:00.000Z
4.203022188,4.534066368,4.00503486,4.457777522,224436565,1367980477,2022-10-21T00:00:00.000Z
4.457642471,4.574176465,4.42192026,4.473468837,116498434.5,1372795749,2022-10-22T00:00:00.000Z
4.473565608,4.66973683,4.447018397,4.634309248,103865057,1422153650,2022-10-23T00:00:00.000Z
4.635503991,4.686887708,4.491524579,4.509724222,102450998.5,1383921621,2022-10-24T00:00:00.000Z
4.509769261,4.962280166,4.446310773,4.745473948,192095708.9,1456267318,2022-10-25T00:00:00.000Z
4.744561937,4.79539328,4.651476425,4.695808879,164008715.8,1441026350,2022-10-26T00:00:00.000Z
4.696025862,5.035866402,4.581095881,4.614256247,214015777.9,1415999886,2022-10-27T00:00:00.000Z
4.614562403,5.100289575,4.563476598,4.972659705,215759332.1,1525984947,2022-10-28T00:00:00.000Z
4.972352224,5.099719495,4.852764315,4.917616549,219521178.5,1509093579,2022-10-29T00:00:00.000Z
4.917456531,5.126473501,4.716866612,4.793508431,223102141.3,1471007900,2022-10-30T00:00:00.000Z
4.792697762,4.871150701,4.64852345,4.738655976,217082109.3,1454175053,2022-10-31T00:00:00.000Z
4.73687189,4.765431629,4.468084628,4.508730628,161234437.5,1383616712,2022-11-01T00:00:00.000Z
4.507738619,4.523155234,4.165310257,4.225630082,243059378.3,1296740231,2022-11-02T00:00:00.000Z
4.226024765,4.556431738,4.221259552,4.356376262,208250260.3,1336862965,2022-11-03T00:00:00.000Z
4.356464768,4.751824885,4.326308615,4.716245766,250102991.9,1447297919,2022-11-04T00:00:00.000Z
4.716669799,5.225655058,4.711067234,5.111851207,398184539.4,1568699339,2022-11-05T00:00:00.000Z
5.113496123,5.226791664,4.739697559,4.741963916,270826115.4,1455190177,2022-11-06T00:00:00.000Z
4.741455559,4.831180754,4.541872296,4.604505058,257926194.9,1413007490,2022-11-07T00:00:00.000Z
4.603378174,4.640797956,3.36214861,3.9044296,455356457.2,1198171834,2022-11-08T00:00:00.000Z
3.907032548,3.915933422,2.834376915,2.878689153,416663370,883397733.9,2022-11-09T00:00:00.000Z
2.879474073,3.628454331,2.8569336,3.529465162,351210435.6,1083104622,2022-11-10T00:00:00.000Z
3.528842373,3.528842373,2.937040039,3.209365659,280584349.1,984874086.7,2022-11-11T00:00:00.000Z
3.209665607,3.209665607,2.87375278,2.888315796,162823601.7,886351909.9,2022-11-12T00:00:00.000Z
2.887204119,3.033804511,2.822706608,2.889559026,135585026.1,886733426,2022-11-13T00:00:00.000Z
2.890425556,3.045363161,2.632131573,2.985989606,196478164.6,916325560.3,2022-11-14T00:00:00.000Z
2.987010312,3.076516734,2.904223641,2.942847408,117145104.9,903086298.2,2022-11-15T00:00:00.000Z
2.943000437,3.070140756,2.844885605,2.98502872,117037568.2,916030688.6,2022-11-16T00:00:00.000Z
2.985034892,3.021491649,2.839820642,2.881066557,73429835.13,884127299.5,2022-11-17T00:00:00.000Z
2.88106654,3.208499343,2.880362498,3.169741421,158195606.8,972714398.7,2022-11-18T00:00:00.000Z
3.169405295,3.363690997,3.057991736,3.313457479,144590583.2,1016817264,2022-11-19T00:00:00.000Z
3.314865861,3.346575552,2.961716324,3.030951864,119558087.4,930123353.4,2022-11-20T00:00:00.000Z
3.030909056,3.19005787,2.920375462,3.151064204,190688129.4,966982827.6,2022-11-21T00:00:00.000Z
3.150944365,3.268624414,2.86207845,3.252966868,193799926.3,1175134281,2022-11-22T00:00:00.000Z
3.253849403,3.476903914,3.159193761,3.454891713,185119383.1,1248079631,2022-11-23T00:00:00.000Z
3.455088004,3.462863668,3.258754288,3.322902194,131006732.1,1200398418,2022-11-24T00:00:00.000Z
3.322497586,3.331042879,3.187949579,3.229746721,78972951.83,1166746003,2022-11-25T00:00:00.000Z
3.229643028,3.617257666,3.22532028,3.558396355,177516980.4,1285470683,2022-11-26T00:00:00.000Z
3.558593258,3.937584477,3.544354706,3.821136839,221884797.1,1380385683,2022-11-27T00:00:00.000Z
3.821114758,4.22895972,3.537902935,4.06004639,329116063.3,1466691758,2022-11-28T00:00:00.000Z
4.059905811,4.196410856,4.032687744,4.075487468,198489559.8,1472269848,2022-11-29T00:00:00.000Z
4.076033478,4.403499533,3.943132965,4.090421115,286458815.2,1477664628,2022-11-30T00:00:00.000Z
4.091503711,4.093547938,3.866069491,3.885312252,125738505,1403569051,2022-12-01T00:00:00.000Z
3.886875282,4.041654415,3.822624714,3.975026934,127630397.7,1435978480,2022-12-02T00:00:00.000Z
3.974667992,4.03669917,3.87526654,3.87526654,105172338.4,1399940038,2022-12-03T00:00:00.000Z
3.875759,4.019961229,3.874727261,3.99815669,114777644.9,1444334104,2022-12-04T00:00:00.000Z
3.997050309,4.244468991,3.909125749,3.952445293,195140512.6,1427820862,2022-12-05T00:00:00.000Z
3.952600303,4.261496653,3.926643024,4.18634283,190199215.7,1512316347,2022-12-06T00:00:00.000Z
4.187162651,4.191456299,3.867951279,3.904222974,187589556.5,1410400549,2022-12-07T00:00:00.000Z
3.904718329,3.957161329,3.785315174,3.954790031,130057826.5,1428667899,2022-12-08T00:00:00.000Z
3.955996105,4.02385932,3.885631385,3.916294969,112917871.7,1414761558,2022-12-09T00:00:00.000Z
3.915619244,4.13941324,3.903656635,4.081010934,148016309.8,1474265200,2022-12-10T00:00:00.000Z
4.081461123,4.538195903,4.040390727,4.286465414,283664907,1548485631,2022-12-11T00:00:00.000Z
4.284615178,4.419838662,4.183876271,4.399809695,296386928,1589431252,2022-12-12T00:00:00.000Z
4.399874861,4.399874861,3.937495159,4.068913637,290223276.3,1469895051,2022-12-13T00:00:00.000Z
4.070202397,4.13048787,3.946524522,3.947283613,174176810.3,1425956205,2022-12-14T00:00:00.000Z
4.02782826,4.067396313,3.945053338,3.96235668,141437969.2,1431401351,2022-12-15T00:00:00.000Z
3.962192204,4.053287615,3.417892904,3.452136083,166532588.8,1247084160,2022-12-16T00:00:00.000Z
3.451374559,3.561431497,3.271468119,3.560119044,114924965.3,1286093005,2022-12-17T00:00:00.000Z
3.560044356,3.560044356,3.437529249,3.489724793,83264880.81,1260663081,2022-12-18T00:00:00.000Z
3.490070273,3.571469593,3.351388941,3.40842243,110973071.5,1231292603,2022-12-19T00:00:00.000Z
3.409238994,3.585150629,3.39214601,3.529482749,117343053.9,1275025643,2022-12-20T00:00:00.000Z
3.529294398,3.57655811,3.473854734,3.566779959,100446157.9,1288499260,2022-12-21T00:00:00.000Z
3.567886102,3.655959806,3.500325963,3.60037989,102981924,1300637235,2022-12-22T00:00:00.000Z
3.602009852,3.705223454,3.538918045,3.569857454,89477659.97,1289611005,2022-12-23T00:00:00.000Z
3.569939346,3.643171222,3.560009156,3.617326183,63642942.55,1306759084,2022-12-24T00:00:00.000Z
3.617328297,3.617328297,3.549168011,3.592270451,58253944.4,1297707700,2022-12-25T00:00:00.000Z
3.592440498,3.611301658,3.573740365,3.594747814,48346744.97,1298602648,2022-12-26T00:00:00.000Z
3.594578672,3.648778026,3.579349437,3.646197293,77219157.24,1317188772,2022-12-27T00:00:00.000Z
3.646546861,3.660849055,3.550462717,3.615205911,103221250.4,1305993135,2022-12-28T00:00:00.000Z
3.614989654,3.653670936,3.577605568,3.62140946,78239381.57,1308234167,2022-12-29T00:00:00.000Z
3.621027074,3.642767339,3.579769632,3.59969813,70559259.54,1300390950,2022-12-30T00:00:00.000Z
3.600440574,3.647214637,3.594622315,3.637782141,44690852.9,1314148798,2022-12-31T00:00:00.000Z
3.63780665,3.93049495,3.618658691,3.86410364,104656765.8,1395907440,2023-01-01T00:00:00.000Z
3.864039316,3.975864122,3.813871551,3.945229352,108096071.6,1425214103,2023-01-02T00:00:00.000Z
3.945322537,4.022743516,3.882721127,4.008696842,90888397.21,1448141734,2023-01-03T00:00:00.000Z
4.008512098,4.18351174,3.998284509,4.050738825,141496737.5,1463329401,2023-01-04T00:00:00.000Z
4.050694903,4.094276107,3.981411401,4.002817015,95772862.12,1446017647,2023-01-05T00:00:00.000Z
4.002408009,4.057293985,3.899442445,4.039191695,87741167.7,1459158000,2023-01-06T00:00:00.000Z
4.039291894,4.23634942,4.022011395,4.16012675,107424171.6,1502845788,2023-01-07T00:00:00.000Z
4.159839671,4.444340855,4.095374255,4.440598735,155491223.7,1604166293,2023-01-08T00:00:00.000Z
4.440283742,4.984295555,4.379039307,4.616150185,378484657.1,1667584254,2023-01-09T00:00:00.000Z
4.61466658,5.036833214,4.50440964,4.908412842,309284490.6,1773164139,2023-01-10T00:00:00.000Z
4.908983911,5.169129899,4.726663352,4.981597187,240403820.8,1799601984,2023-01-11T00:00:00.000Z
4.980739538,5.058137417,4.566592235,4.854358123,391562681.8,1753636872,2023-01-12T00:00:00.000Z
4.854346588,4.983736321,4.726534857,4.947695196,249947611,1787354890,2023-01-13T00:00:00.000Z
4.946888636,5.488378688,4.933985615,5.190594232,429844680.3,1875102166,2023-01-14T00:00:00.000Z
5.191621744,5.282244199,4.933926693,5.138412011,211486007.8,1856251339,2023-01-15T00:00:00.000Z
5.138579711,5.313713232,4.827757425,4.968720975,228692082.9,1794950452,2023-01-16T00:00:00.000Z
4.968681795,5.098841192,4.896192917,4.899298116,147545702.4,1769871444,2023-01-17T00:00:00.000Z
4.899370586,4.925943884,4.506877594,4.507292584,180269265.9,1628259446,2023-01-18T00:00:00.000Z
4.506960447,4.830899116,4.506960447,4.825402267,126295083.5,1743176569,2023-01-19T00:00:00.000Z
4.826958201,5.218198341,4.807529815,5.201637315,197996680.2,1879091480,2023-01-20T00:00:00.000Z
5.201036025,5.960250852,5.147107712,5.529663883,378096214.4,1997591078,2023-01-21T00:00:00.000Z
5.528470628,5.826688192,5.409670212,5.549329224,280310639.9,2004695182,2023-01-22T00:00:00.000Z
5.552724249,5.938028121,5.546154499,5.62771662,218501276.4,2033012629,2023-01-23T00:00:00.000Z
5.626919286,5.930592139,5.376436495,5.452540672,221576547.3,2009772413,2023-01-24T00:00:00.000Z
5.453495368,6.184368912,5.32085544,6.024070962,352805089.5,2220434906,2023-01-25T00:00:00.000Z
6.025658704,6.386376718,5.963741191,6.113685106,286039345,2253466119,2023-01-26T00:00:00.000Z
6.112479667,6.379769597,5.942254379,6.285576655,276673299.5,2316824270,2023-01-27T00:00:00.000Z
6.28601793,6.346153318,5.97097955,6.046168651,184593653,2228579976,2023-01-28T00:00:00.000Z
6.045687507,6.30690029,5.975711782,6.244114467,157733436.9,2301541567,2023-01-29T00:00:00.000Z
6.243533781,6.302577332,5.717760285,5.803945372,171119334.7,2139297989,2023-01-30T00:00:00.000Z
5.805774126,5.959938188,5.757478818,5.871344203,117064879.7,2164140777,2023-01-31T00:00:00.000Z
5.870426327,6.06975122,5.541425782,6.048120956,160069715.6,2229299583,2023-02-01T00:00:00.000Z
6.04737846,6.266210045,5.881585902,5.882442784,166516593.5,2168231645,2023-02-02T00:00:00.000Z
5.882009791,6.00646063,5.837092251,5.965749471,112822239.5,2198937969,2023-02-03T00:00:00.000Z
5.965255221,5.996156314,5.88294779,5.889512306,104159461,2170837426,2023-02-04T00:00:00.000Z
5.890156211,5.924050044,5.607395778,5.780440196,103604852.7,2130634128,2023-02-05T00:00:00.000Z
5.781224229,5.792320805,5.583638112,5.599382256,90557303.76,2063897304,2023-02-06T00:00:00.000Z
5.598998033,5.9674635,5.594399144,5.955106283,158780074.5,2195014956,2023-02-07T00:00:00.000Z
5.955914418,6.126149022,5.674769812,5.746337617,170256988.3,2118064131,2023-02-08T00:00:00.000Z
5.74708351,5.783842667,5.00428762,5.065005756,173692460.5,1866929466,2023-02-09T00:00:00.000Z
5.065452793,5.122751336,4.94824037,5.072947603,129598921.6,1869856781,2023-02-10T00:00:00.000Z
5.073298837,5.38210337,5.029648385,5.347961313,118660086.7,1971225115,2023-02-11T00:00:00.000Z
5.347994175,5.397221707,5.112222608,5.217972343,120348051.8,1923311993,2023-02-12T00:00:00.000Z
5.217789772,5.309690758,4.79854846,5.00867619,170939611.7,1846166739,2023-02-13T00:00:00.000Z
5.008219831,5.250216146,4.952861298,5.245275791,128567433.9,1933375874,2023-02-14T00:00:00.000Z
5.245102265,5.663896209,5.182779039,5.619142943,141986274.6,2071180969,2023-02-15T00:00:00.000Z
5.619513443,5.735620814,5.169463254,5.172615344,167525876.9,1906593687,2023-02-16T00:00:00.000Z
5.172694731,5.56965229,5.167653791,5.521327709,139243152.1,2035126885,2023-02-17T00:00:00.000Z
5.520687323,5.748477055,5.515932908,5.660867554,112019603.8,2086560400,2023-02-18T00:00:00.000Z
5.660582898,5.779395027,5.524621792,5.587647469,112678243,2059571934,2023-02-19T00:00:00.000Z
5.590098223,5.942868025,5.507965442,5.862848996,138320838.2,2161009497,2023-02-20T00:00:00.000Z
5.862610259,5.917610437,5.457915451,5.557319314,127005373.2,2048393166,2023-02-21T00:00:00.000Z
5.557372291,5.604080302,5.282710889,5.522816833,120238505.1,2035675767,2023-02-22T00:00:00.000Z
5.523146818,5.643005651,5.408563901,5.452829137,92492109.48,2009878740,2023-02-23T00:00:00.000Z
5.452138128,5.529246558,5.037795588,5.170835896,104014339.4,1905937794,2023-02-24T00:00:00.000Z
5.171482053,5.183126083,4.892164216,5.036416773,104636787.8,1856391745,2023-02-25T00:00:00.000Z
5.036014168,5.301488878,5.011440704,5.266999322,70201507.4,1941383032,2023-02-26T00:00:00.000Z
5.266374421,5.278878275,4.99125002,5.064461932,92358415.54,1866729015,2023-02-27T00:00:00.000Z
5.064423779,5.176469869,4.936997624,5.003379396,98490026.05,1844214374,2023-02-28T00:00:00.000Z
5.003602014,5.201124059,4.983604026,5.079369033,101321075.6,1872223680,2023-03-01T00:00:00.000Z
5.079257466,5.104061383,4.921388305,4.988062375,90004403.54,1838568616,2023-03-02T00:00:00.000Z
4.988281187,4.996069645,4.584830436,4.796894765,132720058.9,1768105430,2023-03-03T00:00:00.000Z
4.797782127,4.854148441,4.609638832,4.740286296,72889813.17,1747239902,2023-03-04T00:00:00.000Z
4.740516276,4.90053946,4.701688057,4.771141772,74736836.14,1758613038,2023-03-05T00:00:00.000Z
4.770771683,4.875648805,4.754987638,4.811676022,72243540.06,1773553709,2023-03-06T00:00:00.000Z
4.810878366,4.871322427,4.59449098,4.726951312,88747042.37,1742324710,2023-03-07T00:00:00.000Z
4.726876196,4.742401914,4.340075024,4.365348153,89144157.86,1609040046,2023-03-08T00:00:00.000Z
4.365581999,4.509771138,3.868513424,3.96574481,134104365.6,1461748751,2023-03-09T00:00:00.000Z
3.967233294,4.071507947,3.818674347,4.036981864,134317125.3,1488006284,2023-03-10T00:00:00.000Z
4.036998537,4.136735304,3.65319748,3.802457812,126209272.2,1401562184,2023-03-11T00:00:00.000Z
3.802712617,4.526624394,3.770524693,4.52558314,134569978.8,1668101661,2023-03-12T00:00:00.000Z
4.528563943,4.72019019,4.214287114,4.464494883,183999522.7,1645584911,2023-03-13T00:00:00.000Z
4.46549675,4.662273731,4.209112755,4.284078719,178192449.4,1579084640,2023-03-14T00:00:00.000Z
4.284528502,4.458841692,4.024944995,4.102485176,171066866.4,1512150395,2023-03-15T00:00:00.000Z
4.104312545,4.362725872,4.035391636,4.119822348,144471987.2,1518540769,2023-03-16T00:00:00.000Z
4.119671519,4.458456501,4.094283086,4.451121584,169041044.3,1640655596,2023-03-17T00:00:00.000Z
4.450698456,4.616157758,4.232055691,4.248316167,151241612.4,1565902787,2023-03-18T00:00:00.000Z
4.24871418,4.427301047,4.24871418,4.293274187,92718972.79,1582474032,2023-03-19T00:00:00.000Z
4.293098506,4.370256918,4.048709072,4.058859178,134146583.4,1496070125,2023-03-20T00:00:00.000Z
4.060084307,4.204539169,3.964144192,4.142145944,102864680.9,1526769107,2023-03-21T00:00:00.000Z
4.14087158,4.14087158,3.83151587,3.997482015,144446428.6,1473446887,2023-03-22T00:00:00.000Z
3.996973637,4.173233085,3.992705659,4.170637767,96934714.72,1537271014,2023-03-23T00:00:00.000Z
4.169913725,4.208197419,3.940258469,4.095308296,103419997.4,1509505042,2023-03-24T00:00:00.000Z
4.094208707,4.238588014,3.951119734,4.006949582,109389733,1476936572,2023-03-25T00:00:00.000Z
4.006913394,4.192443029,3.985256236,4.108425635,74295295.66,1514340011,2023-03-26T00:00:00.000Z
4.108693815,4.115336974,3.839183908,3.917712073,109266101.5,1444044185,2023-03-27T00:00:00.000Z
3.917938162,4.139382865,3.885926533,4.076222813,112268656.4,1502470252,2023-03-28T00:00:00.000Z
4.075644773,4.218255282,4.066519264,4.114853411,100799824.9,1516709250,2023-03-29T00:00:00.000Z
4.114705264,4.191867446,4.005204591,4.053443021,91596313.48,1494073764,2023-03-30T00:00:00.000Z
4.054204744,4.204688474,4.046043225,4.182561578,88861885.83,1541666056,2023-03-31T00:00:00.000Z
4.182297952,4.28334404,4.172644196,4.189703653,72764359.88,1544298581,2023-04-01T00:00:00.000Z
4.261206642,4.3850144,4.078406113,4.171723058,106872372.9,1537671046,2023-04-02T00:00:00.000Z
4.173106593,4.384538291,4.056380238,4.257484868,178618575.5,1569282313,2023-04-03T00:00:00.000Z
4.257911186,4.348527524,4.166052382,4.233374101,110518284.1,1560395235,2023-04-04T00:00:00.000Z
4.233662474,4.364894764,4.17151882,4.22931743,99367543.45,1558899971,2023-04-05T00:00:00.000Z
4.229818808,4.23519149,4.155406421,4.235066229,66084909.78,1561018943,2023-04-06T00:00:00.000Z
4.234825043,4.340026743,4.149071349,4.206697668,105513562.2,1550562469,2023-04-07T00:00:00.000Z
4.205962438,4.321166286,4.18722122,4.199316432,69077349.09,1547841791,2023-04-08T00:00:00.000Z
4.198930729,4.222820239,4.161874949,4.192883443,47589687.66,1545470632,2023-04-09T00:00:00.000Z
4.192929507,4.332953872,4.16961919,4.331567818,73194324.43,1596588825,2023-04-10T00:00:00.000Z
4.33112403,4.395012555,4.301630434,4.344288838,87140562.73,1601277714,2023-04-11T00:00:00.000Z
4.344756688,4.70536382,4.187062789,4.445873147,478161980.3,1638721055,2023-04-12T00:00:00.000Z
4.483925058,4.541290053,4.422998292,4.47744829,163422012.9,1650359456,2023-04-13T00:00:00.000Z
4.477127136,4.671279786,4.379875538,4.568180181,150642287.6,1683802664,2023-04-14T00:00:00.000Z
4.568133513,4.568274269,4.473893989,4.545925565,70788463.21,1675599751,2023-04-15T00:00:00.000Z
4.54581993,4.559735801,4.463951412,4.53149355,66682852.91,1670280201,2023-04-16T00:00:00.000Z
4.531350838,4.579815443,4.378420543,4.486603069,135148013.2,1653733850,2023-04-17T00:00:00.000Z
4.486933998,4.561509214,4.424293708,4.504640769,100607229.4,1660382433,2023-04-18T00:00:00.000Z
4.504515096,4.505125726,4.10863051,4.147550067,128793720,1528761032,2023-04-19T00:00:00.000Z
4.146788978,4.216141373,4.029187682,4.076355978,86747598.97,1502519336,2023-04-20T00:00:00.000Z
4.075907018,4.097699726,3.856518325,3.894186435,85599220.36,1435372781,2023-04-21T00:00:00.000Z
3.894308554,3.97850157,3.864342481,3.964750781,57006527.32,1461382358,2023-04-22T00:00:00.000Z
3.96468306,4.029395435,3.913868695,3.973272379,68080730.3,1464523366,2023-04-23T00:00:00.000Z
3.972595221,4.025223297,3.902951369,3.958806734,58854358.81,1459191419,2023-04-24T00:00:00.000Z
3.958677789,4.010681229,3.842952137,4.002361431,61454296.06,1475245409,2023-04-25T00:00:00.000Z
4.002074271,4.135289917,3.824425239,3.920095242,97477172.91,1444922605,2023-04-26T00:00:00.000Z
3.919946539,4.158567292,3.917805858,4.092933495,77847959.93,1508629705,2023-04-27T00:00:00.000Z
4.093226519,4.094387837,3.989246411,4.037821863,43330559.38,1488315902,2023-04-28T00:00:00.000Z
4.037716369,4.106224333,4.026486118,4.075680187,35677667.59,1502270244,2023-04-29T00:00:00.000Z
4.075666505,4.088302064,3.900502824,3.900502824,48012143.48,1437700963,2023-04-30T00:00:00.000Z
3.899526345,3.920954656,3.796596171,3.863398719,59181721.15,1424024622,2023-05-01T00:00:00.000Z
3.863423015,3.874445117,3.816424527,3.83860982,38985719.65,1414887588,2023-05-02T00:00:00.000Z
3.839051626,3.874241201,3.760454343,3.86329033,45612968.77,1423984670,2023-05-03T00:00:00.000Z
3.863568521,3.888259986,3.774084239,3.784588637,50206039.89,1394975718,2023-05-04T00:00:00.000Z
3.783053026,3.836027686,3.742799468,3.797925961,53162544.04,1399891772,2023-05-05T00:00:00.000Z
3.797843874,3.817771574,3.567005667,3.583592949,53102362.17,1320889964,2023-05-06T00:00:00.000Z
3.583864074,3.637404693,3.53985607,3.560364397,38430308.22,1312328064,2023-05-07T00:00:00.000Z
3.55887318,3.578829148,3.276825895,3.371055803,83610994.53,1242550100,2023-05-08T00:00:00.000Z
3.371025784,3.381815553,3.304512687,3.343323214,40636690.15,1232328041,2023-05-09T00:00:00.000Z
3.343287647,3.388284483,3.215002249,3.348466279,89477708.39,1234223742,2023-05-10T00:00:00.000Z
3.347942071,3.347942071,3.170878303,3.223456605,79915580.34,1188145958,2023-05-11T00:00:00.000Z
3.223183013,3.316083958,3.143822239,3.316083958,64872389.56,1222287821,2023-05-12T00:00:00.000Z
3.315979888,3.353004521,3.229821887,3.254160707,44776003.69,1199463298,2023-05-13T00:00:00.000Z
3.254358572,3.38440786,3.228667011,3.309245469,46335070.57,1219767197,2023-05-14T00:00:00.000Z
3.309307529,3.417615537,3.284201851,3.369694576,56060108.46,1242048360,2023-05-15T00:00:00.000Z
3.36957102,3.456244762,3.3351628,3.425631255,49830842.83,1262666270,2023-05-16T00:00:00.000Z
3.425677025,3.471726456,3.342584305,3.422795307,64630163.29,1261620958,2023-05-17T00:00:00.000Z
3.422641105,3.445015197,3.337608086,3.395937428,51721942.01,1251721311,2023-05-18T00:00:00.000Z
3.395896917,3.461460334,3.379899272,3.428724909,38393348.32,1263806572,2023-05-19T00:00:00.000Z
3.428830258,3.452399075,3.404484228,3.447050257,25654057.53,1270561180,2023-05-20T00:00:00.000Z
3.447001553,3.51404653,3.433126654,3.466266252,46700090.29,1277644076,2023-05-21T00:00:00.000Z
3.466416839,3.491481815,3.422273314,3.430142485,35819633.81,1264329082,2023-05-22T00:00:00.000Z
3.430382181,3.518481452,3.426060729,3.500696271,36199138.9,1290334766,2023-05-23T00:00:00.000Z
3.50083094,3.519595175,3.319833461,3.335846991,57779091.11,1229572352,2023-05-24T00:00:00.000Z
3.335813541,3.338597646,3.201782642,3.237463829,46965611.95,1193308933,2023-05-25T00:00:00.000Z
3.237447086,3.256530771,3.200561791,3.232731121,38517262.47,1191564487,2023-05-26T00:00:00.000Z
3.232461152,3.251992011,3.197833911,3.242093841,34982642.49,1195015527,2023-05-27T00:00:00.000Z
3.241877831,3.335553959,3.230940678,3.307123966,37754485.69,1218985224,2023-05-28T00:00:00.000Z
3.307360789,3.326290207,3.190082016,3.200930998,40966747.99,1179843160,2023-05-29T00:00:00.000Z
3.201044889,3.23515106,3.181210216,3.193426887,36542801.02,1177077191,2023-05-30T00:00:00.000Z
3.193436031,3.20317633,3.107715924,3.150340961,49888943.28,1161195988,2023-05-31T00:00:00.000Z
3.150245968,3.170579613,3.063693074,3.068218424,43031296.74,1130926135,2023-06-01T00:00:00.000Z
3.068282047,3.178211327,3.029284792,3.142967892,50201563.03,1158478322,2023-06-02T00:00:00.000Z
3.143100929,3.157642875,3.110632668,3.1195017,29771560.62,1149828830,2023-06-03T00:00:00.000Z
3.119627883,3.365789373,3.110594311,3.31200647,57954124.34,1220784885,2023-06-04T00:00:00.000Z
3.31194924,3.332205984,2.816724835,2.84091573,137552105.6,1047143782,2023-06-05T00:00:00.000Z
2.841342925,3.249885667,2.841342925,3.127430607,148809100.2,1152751375,2023-06-06T00:00:00.000Z
3.127085018,3.127085018,2.867882433,2.896930353,87867774.07,1067790422,2023-06-07T00:00:00.000Z
2.897045952,2.944847615,2.862263464,2.916089257,52140022.2,1074852275,2023-06-08T00:00:00.000Z
2.916254092,2.926262046,2.809093083,2.813282808,51906578.36,1036958460,2023-06-09T00:00:00.000Z
2.813478989,2.813999302,2.140597974,2.293074292,198074863.5,845212852.2,2023-06-10T00:00:00.000Z
2.293152398,2.415116775,2.242467553,2.357448261,75600601.85,868940695,2023-06-11T00:00:00.000Z
2.357369341,2.357369341,2.203652996,2.250773645,88484264.23,829621098,2023-06-12T00:00:00.000Z
2.250886858,2.307650388,2.202161114,2.230110925,68995352.39,822004948.8,2023-06-13T00:00:00.000Z
2.230110957,2.288041874,2.023836528,2.062583687,140139047.8,760255455.8,2023-06-14T00:00:00.000Z
2.062624764,2.142052309,2.059530967,2.090676163,97680739.45,770610166.9,2023-06-15T00:00:00.000Z
2.090646407,2.118500141,2.043313449,2.098586829,59972792.09,773525989.1,2023-06-16T00:00:00.000Z
2.098574939,2.156870189,2.090031555,2.110067358,58443761.48,777757640.3,2023-06-17T00:00:00.000Z
2.109931551,2.139372931,2.03843551,2.045683025,52050748.9,754025977.6,2023-06-18T00:00:00.000Z
2.045747142,2.0851704,1.96096064,2.065112247,85643418.62,761187467.4,2023-06-19T00:00:00.000Z
2.064664255,2.159625883,2.008227844,2.153799152,71771637.95,793876906.3,2023-06-20T00:00:00.000Z
2.153842954,2.251584468,2.142594467,2.230068068,85478206.08,821989152.1,2023-06-21T00:00:00.000Z
2.229808887,2.385557429,2.178521311,2.180133354,111714990.5,803583528.6,2023-06-22T00:00:00.000Z
2.180304842,2.333127601,2.150365065,2.272248205,102900141.2,837536487,2023-06-23T00:00:00.000Z
2.272290817,2.325490684,2.149676455,2.182483666,91348048.11,804449838.9,2023-06-24T00:00:00.000Z
2.182688909,2.474943608,2.175928883,2.307203701,140056986.9,850420864.1,2023-06-25T00:00:00.000Z
2.307001702,2.506668957,2.28775262,2.322888889,182522702.7,856202326.3,2023-06-26T00:00:00.000Z
2.322944391,2.370257724,2.291778755,2.316590897,73608109.7,853880925.9,2023-06-27T00:00:00.000Z
2.31663016,2.317006602,2.161020291,2.200820908,72453434.26,811208831.6,2023-06-28T00:00:00.000Z
2.200755041,2.256083715,2.174264492,2.237427911,56823130.49,824701944.1,2023-06-29T00:00:00.000Z
2.237247438,2.324355021,2.125955743,2.225589703,107089599.7,820338454.8,2023-06-30T00:00:00.000Z
2.225612682,2.286022458,2.185234277,2.264232699,100436161.7,834582021.4,2023-07-01T00:00:00.000Z
2.264828928,2.275634563,2.162078762,2.175347766,79763947.94,801819590.5,2023-07-02T00:00:00.000Z
2.175451478,2.243775256,2.17440752,2.202826269,74053245.38,811947994.9,2023-07-03T00:00:00.000Z
2.203008164,2.223246312,2.126341242,2.152167993,65631206.85,793275671,2023-07-04T00:00:00.000Z
2.152127927,2.166814212,2.052879919,2.078281851,52538504.14,766041701.2,2023-07-05T00:00:00.000Z
2.078371267,2.130053999,1.922707381,1.923193975,68770199.33,708877279.1,2023-07-06T00:00:00.000Z
1.923030105,1.92678223,1.858714192,1.907474899,83065347.11,703083326.1,2023-07-07T00:00:00.000Z
1.907416972,2.050538596,1.902945158,1.995937421,106427646.9,735690058.9,2023-07-08T00:00:00.000Z
1.995870586,2.034548022,1.961822756,1.997970878,60014797.74,736439578.4,2023-07-09T00:00:00.000Z
1.997958474,2.006301849,1.860182023,1.931718313,81995122.3,712019296.9,2023-07-10T00:00:00.000Z
1.93187075,1.931930925,1.898338101,1.922067407,38081617.71,708462033.1,2023-07-11T00:00:00.000Z
1.922061044,1.931197683,1.863545707,1.884736244,52885633.2,694702000,2023-07-12T00:00:00.000Z
1.88491026,2.017654377,1.8219316,2.016768133,107421972.9,743368128.9,2023-07-13T00:00:00.000Z
2.016530338,2.290159713,1.989248872,2.044325216,256784848.3,753525497.5,2023-07-14T00:00:00.000Z
2.044410713,2.11316197,2.014666586,2.063327625,74724372.64,760529666.8,2023-07-15T00:00:00.000Z
2.063394517,2.085997006,1.972499466,1.980217788,57983410.34,729895900.4,2023-07-16T00:00:00.000Z
1.98079896,2.029007931,1.931148854,1.980009082,69306184.2,729818972.5,2023-07-17T00:00:00.000Z
1.979780541,2.092991773,1.978439888,2.039743802,127706927.7,751836816.9,2023-07-18T00:00:00.000Z
2.03956992,2.144370334,2.03956992,2.047395725,83686256.19,754657267.9,2023-07-19T00:00:00.000Z
2.047109968,2.166863338,2.033036515,2.126286709,106516070.7,783735991.6,2023-07-20T00:00:00.000Z
2.126403013,2.199168032,2.105442468,2.154360641,95466952.54,794083867.5,2023-07-21T00:00:00.000Z
2.154541337,2.18008408,2.055809126,2.066481261,59141283.68,761692077.4,2023-07-22T00:00:00.000Z
2.066742051,2.123807853,2.064226015,2.097164841,49055340.78,773001853.2,2023-07-23T00:00:00.000Z
2.096970266,2.152056119,2.02234786,2.03425499,113680024.2,749813675.3,2023-07-24T00:00:00.000Z
2.034142452,2.049755367,1.985672779,1.992011321,74469403.2,734242922.7,2023-07-25T00:00:00.000Z
1.992063387,2.01635281,1.965702718,1.993683624,61692820.73,734859323.1,2023-07-26T00:00:00.000Z
1.993808882,2.024015689,1.970676717,1.971121036,48723343.54,726542894.5,2023-07-27T00:00:00.000Z
1.971180361,1.995675598,1.957768262,1.971422443,47045081.19,726653991,2023-07-28T00:00:00.000Z
1.97127415,1.984041387,1.965226681,1.974479086,34157895.64,727780650.4,2023-07-29T00:00:00.000Z
1.974446586,1.98623381,1.880328518,1.899732768,50126844.19,700229624.9,2023-07-30T00:00:00.000Z
1.899704761,1.918076291,1.830734277,1.858843779,58282167.11,685158199.1,2023-07-31T00:00:00.000Z
1.859050007,1.865675392,1.769044952,1.845031049,70742649.54,680066913.4,2023-08-01T00:00:00.000Z
1.844995402,1.853198075,1.768703916,1.787210966,48352045.64,658754792,2023-08-02T00:00:00.000Z
1.787134363,1.83217792,1.776994344,1.806296456,43855511.97,665789584.3,2023-08-03T00:00:00.000Z
1.8060569,1.829277413,1.772990179,1.799849357,38420688.01,663413224,2023-08-04T00:00:00.000Z
1.799456803,1.865259077,1.779746404,1.844829122,43869456.13,679992484.2,2023-08-05T00:00:00.000Z
1.844931449,2.043650427,1.838926037,1.858102042,143844248.5,684884799.6,2023-08-06T00:00:00.000Z
1.857999681,1.953091384,1.783436148,1.819040007,92134998.85,670486777.6,2023-08-07T00:00:00.000Z
1.819046684,1.881210382,1.800713266,1.86097986,70397282.72,685945545.2,2023-08-08T00:00:00.000Z
1.860967664,1.871076633,1.817435502,1.835215204,49415917.92,676448854.2,2023-08-09T00:00:00.000Z
1.835216632,1.877843055,1.824439586,1.869472059,45377359.92,689075716.7,2023-08-10T00:00:00.000Z
1.869639018,1.902905222,1.836059381,1.902905222,58039345.9,701398971.6,2023-08-11T00:00:00.000Z
1.903706298,2.04038842,1.899098893,2.014118981,145346484.5,742391668.1,2023-08-12T00:00:00.000Z
2.014002962,2.048764761,1.965661374,2.0007551,92569699.42,737465825,2023-08-13T00:00:00.000Z
2.000715179,2.112758549,1.998569854,2.056716229,121091901.2,758092747.7,2023-08-14T00:00:00.000Z
2.056775452,2.07735704,1.824915544,1.844212585,104339783.8,679765232.4,2023-08-15T00:00:00.000Z
1.844283551,1.845224665,1.684218154,1.726041219,89196313.13,636208005.5,2023-08-16T00:00:00.000Z
1.726135674,1.827358346,1.405162964,1.549910107,178155130.8,571287178.7,2023-08-17T00:00:00.000Z
1.549262556,1.595158153,1.494233413,1.562903318,82227868.43,576076394.7,2023-08-18T00:00:00.000Z
1.562940583,1.622359462,1.550378239,1.604041632,39471093.66,591239720.1,2023-08-19T00:00:00.000Z
1.604115637,1.634257179,1.5860028,1.592972055,35587165.14,587159543.3,2023-08-20T00:00:00.000Z
1.592850278,1.594991866,1.506401082,1.538945537,42018394.31,567245706.6,2023-08-21T00:00:00.000Z
1.538738249,1.561918181,1.456076891,1.499152122,74497170.72,552578102.6,2023-08-22T00:00:00.000Z
1.499222423,1.549656805,1.47976576,1.498969926,56030541.77,552510946.1,2023-08-23T00:00:00.000Z
1.499126321,1.509343208,1.424858165,1.438438526,51798852.1,530199450.4,2023-08-24T00:00:00.000Z
1.438425755,1.447126632,1.399435224,1.446115585,48122107.87,533029166.2,2023-08-25T00:00:00.000Z
1.445993784,1.481765158,1.405947689,1.416221019,47907622.22,522010216.1,2023-08-26T00:00:00.000Z
1.416208069,1.431922284,1.407294552,1.424167474,23357970.31,524939229.7,2023-08-27T00:00:00.000Z
1.42420942,1.501377811,1.390539516,1.454489067,83091095.44,536115579.7,2023-08-28T00:00:00.000Z
1.454461768,1.505062548,1.406820989,1.48645567,60240682.76,547898269.7,2023-08-29T00:00:00.000Z
1.486440249,1.49074171,1.446283614,1.474263186,34560775.9,543404196.2,2023-08-30T00:00:00.000Z
1.474275694,1.497286708,1.418550148,1.42913284,39179348.73,526769432.8,2023-08-31T00:00:00.000Z
1.429210326,1.43762367,1.372423753,1.390564326,36561224.01,512553319.6,2023-09-01T00:00:00.000Z
1.390624666,1.407018641,1.372200084,1.384468398,23578569.89,510306398.5,2023-09-02T00:00:00.000Z
1.384473015,1.385257437,1.323970838,1.356825063,46589745.06,500117238,2023-09-03T00:00:00.000Z
1.356714182,1.385558154,1.32278176,1.343779863,44092519.56,495308858.9,2023-09-04T00:00:00.000Z
1.343769519,1.356232624,1.329119262,1.349391612,29613775.55,497377314.5,2023-09-05T00:00:00.000Z
1.349455753,1.355785581,1.295114112,1.332056973,40789419.44,490987875,2023-09-06T00:00:00.000Z
1.331920939,1.368073625,1.330998706,1.360249448,36740577.12,501379445,2023-09-07T00:00:00.000Z
1.360241387,1.369941546,1.311796904,1.330966739,29221868.51,490586021.5,2023-09-08T00:00:00.000Z
1.330956502,1.340858273,1.321162271,1.321976376,28738530.2,487272229.9,2023-09-09T00:00:00.000Z
1.321956441,1.322079076,1.216578057,1.226696541,39865228.68,452152678.2,2023-09-10T00:00:00.000Z
1.226722959,1.231814448,1.131910804,1.143493693,54407880.9,421484628.4,2023-09-11T00:00:00.000Z
1.143485203,1.180060548,1.129893427,1.132125804,47898265.12,417294495.4,2023-09-12T00:00:00.000Z
1.132203226,1.159085445,1.111270184,1.149414799,40432050.05,423667110.9,2023-09-13T00:00:00.000Z
1.14930431,1.191539891,1.112655458,1.115625831,52899899.91,411212708.7,2023-09-14T00:00:00.000Z
1.115652057,1.123718664,1.083938561,1.11004422,83729693.41,409155361.7,2023-09-15T00:00:00.000Z
1.110151942,1.168228828,1.100507078,1.107323258,67205658.16,408152432.1,2023-09-16T00:00:00.000Z
1.107326172,1.148523729,1.075657099,1.114186838,71801414.54,410682304.8,2023-09-17T00:00:00.000Z
1.113967843,1.167845097,1.111880759,1.135878983,73951696.94,418677894,2023-09-18T00:00:00.000Z
1.135872342,1.162160821,1.128107251,1.142526925,45981935.66,421128283.9,2023-09-19T00:00:00.000Z
1.142532725,1.15024119,1.104713208,1.12885906,45026234.13,416090394.2,2023-09-20T00:00:00.000Z
1.128814233,1.131679443,1.091022365,1.110323005,51902852.27,409258120.3,2023-09-21T00:00:00.000Z
1.110306756,1.140529271,1.103929972,1.12754916,35912674.29,415607573.2,2023-09-22T00:00:00.000Z
1.127536949,1.134636946,1.115332747,1.124203429,32508772.82,414374357.6,2023-09-23T00:00:00.000Z
1.124375924,1.124618903,1.099619714,1.105293665,26757941.67,407404337,2023-09-24T00:00:00.000Z
1.105310111,1.125739653,1.097412604,1.119517014,32456403.79,412646974.5,2023-09-25T00:00:00.000Z
1.119519723,1.154684161,1.101413313,1.112996579,49949080.48,410243582.7,2023-09-26T00:00:00.000Z
1.113048536,1.129589312,1.103639377,1.114228223,34381502.98,410697559,2023-09-27T00:00:00.000Z
1.114204296,1.202648454,1.112514371,1.200240219,86360006.78,442401043.2,2023-09-28T00:00:00.000Z
1.200430592,1.276258371,1.190827753,1.207653839,78697618.15,445133657.3,2023-09-29T00:00:00.000Z
1.207603998,1.261408241,1.203864075,1.244558433,40412224.14,458736460,2023-09-30T00:00:00.000Z
1.244454483,1.285744935,1.224839864,1.277901673,54036925.84,471026569.8,2023-10-01T00:00:00.000Z
