open,high,low,close,volume,timestamp
4.94264E-05,5.36596E-05,4.78688E-05,4.90449E-05,3718690.72,2021-10-01T00:00:00.000Z
4.90543E-05,5.14235E-05,4.81375E-05,5.01821E-05,3736810.43,2021-10-02T00:00:00.000Z
5.01768E-05,7.50921E-05,5.00281E-05,6.85068E-05,14517412.61,2021-10-03T00:00:00.000Z
6.85161E-05,7.47719E-05,5.0939E-05,5.26401E-05,18559821.15,2021-10-04T00:00:00.000Z
5.26528E-05,5.52638E-05,4.66464E-05,5.2827E-05,10785534.71,2021-10-05T00:00:00.000Z
5.28026E-05,6.30227E-05,4.77677E-05,6.20504E-05,11312111.88,2021-10-06T00:00:00.000Z
6.20849E-05,7.03011E-05,5.73752E-05,6.49309E-05,14930394.86,2021-10-07T00:00:00.000Z
6.49107E-05,6.96339E-05,5.71862E-05,6.61381E-05,13638704.39,2021-10-08T00:00:00.000Z
6.61411E-05,6.91064E-05,6.38671E-05,6.42517E-05,10701300.13,2021-10-09T00:00:00.000Z
6.42425E-05,6.51356E-05,5.69251E-05,6.14574E-05,9783797.84,2021-10-10T00:00:00.000Z
6.14032E-05,7.30775E-05,5.73823E-05,6.8002E-05,14658250.06,2021-10-11T00:00:00.000Z
6.7956E-05,7.8627E-05,6.6545E-05,7.39132E-05,18566587.76,2021-10-12T00:00:00.000Z
7.39772E-05,8.10613E-05,7.21897E-05,7.72149E-05,17291297.52,2021-10-13T00:00:00.000Z
7.72491E-05,7.74882E-05,7.16455E-05,7.31409E-05,11811811.62,2021-10-14T00:00:00.000Z
7.31309E-05,7.31309E-05,6.19926E-05,6.63435E-05,12973103.41,2021-10-15T00:00:00.000Z
6.63618E-05,7.10734E-05,6.03961E-05,6.14513E-05,9549772.83,2021-10-16T00:00:00.000Z
6.14154E-05,7.57405E-05,5.90973E-05,7.43713E-05,11759557.97,2021-10-17T00:00:00.000Z
7.43828E-05,8.07383E-05,6.85802E-05,6.96678E-05,19178320.95,2021-10-18T00:00:00.000Z
6.96703E-05,7.74511E-05,6.93702E-05,7.51511E-05,14369081.22,2021-10-19T00:00:00.000Z
7.5105E-05,7.5105E-05,6.85354E-05,7.20234E-05,11148904.13,2021-10-20T00:00:00.000Z
7.20253E-05,7.51213E-05,6.77978E-05,6.91761E-05,9924724.39,2021-10-21T00:00:00.000Z
6.91099E-05,6.98403E-05,6.38828E-05,6.75559E-05,8616789.37,2021-10-22T00:00:00.000Z
6.75602E-05,6.75602E-05,6.37521E-05,6.45301E-05,8569192.14,2021-10-23T00:00:00.000Z
6.45328E-05,6.98302E-05,5.46398E-05,5.86039E-05,19870847.14,2021-10-24T00:00:00.000Z
5.85656E-05,6.29448E-05,5.72412E-05,6.18463E-05,14799633.63,2021-10-25T00:00:00.000Z
6.18599E-05,6.37829E-05,5.58679E-05,5.62285E-05,13719184.16,2021-10-26T00:00:00.000Z
5.62079E-05,0.000114744,5.5406E-05,0.000106636,67194961.42,2021-10-27T00:00:00.000Z
0.000106686,0.000220942,0.000101844,0.000199092,228859687.7,2021-10-28T00:00:00.000Z
0.000199235,0.00029263,0.000179483,0.000268287,268069022.1,2021-10-29T00:00:00.000Z
0.00026831,0.000310453,0.000190656,0.000240454,208801139.4,2021-10-30T00:00:00.000Z
0.000240666,0.000274093,0.000188956,0.000260138,144586634.5,2021-10-31T00:00:00.000Z
0.000260185,0.0002912,0.000243166,0.000257493,114690877.4,2021-11-01T00:00:00.000Z
0.000257605,0.00027163,0.0002138,0.000235768,112850227.8,2021-11-02T00:00:00.000Z
0.000235964,0.00032494,0.000222416,0.000300644,141851416.1,2021-11-03T00:00:00.000Z
0.000300763,0.00034367,0.000278012,0.000312244,182564216.5,2021-11-04T00:00:00.000Z
0.000311765,0.000324337,0.000272956,0.000278246,117587068.2,2021-11-05T00:00:00.000Z
0.000278424,0.000279,0.000253957,0.00026209,69028054.37,2021-11-06T00:00:00.000Z
0.000262142,0.000264437,0.000236737,0.000248448,66429429.46,2021-11-07T00:00:00.000Z
0.000248457,0.000290325,0.000232628,0.00025883,69307068.35,2021-11-08T00:00:00.000Z
0.000258883,0.000274951,0.000243622,0.000267876,65695845.31,2021-11-09T00:00:00.000Z
0.000267952,0.000294275,0.000218582,0.000238441,78118278.38,2021-11-10T00:00:00.000Z
0.000238564,0.000257173,0.000225045,0.000230955,66813305.77,2021-11-11T00:00:00.000Z
0.000230881,0.00024332,0.000217857,0.000243129,60066654.88,2021-11-12T00:00:00.000Z
0.000243354,0.000274306,0.000234729,0.000241796,66020528.93,2021-11-13T00:00:00.000Z
0.000241902,0.000247057,0.000227498,0.000230619,54151297.16,2021-11-14T00:00:00.000Z
0.000231292,0.000236351,0.000197889,0.000203407,45212473,2021-11-15T00:00:00.000Z
0.000203375,0.000207635,0.000185755,0.000192224,48417618.32,2021-11-16T00:00:00.000Z
0.000192205,0.000207392,0.000179862,0.00018211,34071388.15,2021-11-17T00:00:00.000Z
0.000182091,0.000182091,0.000134596,0.000160622,62347607.82,2021-11-18T00:00:00.000Z
0.000160772,0.000233448,0.000160772,0.000210125,73346404.21,2021-11-19T00:00:00.000Z
0.000210115,0.000212402,0.000187391,0.000202415,42670033.53,2021-11-20T00:00:00.000Z
0.000202369,0.000202369,0.000175388,0.000177329,29794773.11,2021-11-21T00:00:00.000Z
0.000177298,0.000184332,0.00016756,0.000169267,26430160.48,2021-11-22T00:00:00.000Z
0.00016926,0.000200346,0.000165442,0.000188708,29703177.67,2021-11-23T00:00:00.000Z
0.000188694,0.000188694,0.000161604,0.000177462,25075858.45,2021-11-24T00:00:00.000Z
0.000163026,0.000175277,0.000156528,0.000164555,30501004.29,2021-11-25T00:00:00.000Z
0.000170123,0.000171097,0.000134259,0.000138153,40499279.03,2021-11-26T00:00:00.000Z
0.000138071,0.00014331,0.000135141,0.000135656,30500100.79,2021-11-27T00:00:00.000Z
0.000135655,0.000153966,0.000117356,0.00014741,34334631.06,2021-11-28T00:00:00.000Z
0.000147389,0.000161264,0.000146672,0.000147258,36064037.85,2021-11-29T00:00:00.000Z
0.000147251,0.000175396,0.00014272,0.000168506,35197161.23,2021-11-30T00:00:00.000Z
0.000168411,0.000201182,0.000162124,0.000186651,46473846.18,2021-12-01T00:00:00.000Z
0.000186546,0.000201775,0.000174372,0.000199833,53108396.68,2021-12-02T00:00:00.000Z
0.000199823,0.000223684,0.000172683,0.00018706,55487054.76,2021-12-03T00:00:00.000Z
0.000187074,0.000188915,0.000144675,0.000153766,54436227.43,2021-12-04T00:00:00.000Z
0.00015382,0.000155386,0.000134547,0.000137785,49443831.98,2021-12-05T00:00:00.000Z
0.00013794,0.000152092,0.000118274,0.000151951,47129621.95,2021-12-06T00:00:00.000Z
0.000152083,0.00015991,0.000142644,0.000146585,34814255.09,2021-12-07T00:00:00.000Z
0.000146685,0.000152427,0.000135604,0.000151608,24226946.42,2021-12-08T00:00:00.000Z
0.000151429,0.000152498,0.000128781,0.000130253,30756333.68,2021-12-09T00:00:00.000Z
0.000130193,0.000137538,0.000115548,0.000115549,29865097.87,2021-12-10T00:00:00.000Z
0.000115486,0.000124633,0.000113578,0.000124302,20475123.3,2021-12-11T00:00:00.000Z
0.000124284,0.000185837,0.000121585,0.000166207,89025190.51,2021-12-12T00:00:00.000Z
0.000166221,0.000169441,0.000134996,0.00014224,57256443.94,2021-12-13T00:00:00.000Z
0.000142213,0.00014815,0.000132707,0.000143298,26572871.26,2021-12-14T00:00:00.000Z
0.000148135,0.00015144,0.000129485,0.000146414,25918087.63,2021-12-15T00:00:00.000Z
0.000146469,0.000146469,0.000134901,0.000136737,14433190.7,2021-12-16T00:00:00.000Z
0.000136736,0.000142854,0.000125607,0.000127162,18591171.78,2021-12-17T00:00:00.000Z
0.000127196,0.000128577,0.000123755,0.000125607,13638725.18,2021-12-18T00:00:00.000Z
0.000125611,0.000126537,0.000117826,0.000121649,17537253.58,2021-12-19T00:00:00.000Z
0.000121627,0.00012317,0.000105423,0.000120497,24096701.81,2021-12-20T00:00:00.000Z
0.000120513,0.000133338,0.000117556,0.000124122,18544429.06,2021-12-21T00:00:00.000Z
0.00012405,0.000124553,0.000113943,0.000118445,16120488.04,2021-12-22T00:00:00.000Z
0.000118462,0.000124553,0.000114046,0.000123292,18129864.49,2021-12-23T00:00:00.000Z
0.000123323,0.000125089,0.000119612,0.00012,15276340.31,2021-12-24T00:00:00.000Z
0.000119893,0.000141782,0.000117533,0.000134273,29901669.9,2021-12-25T00:00:00.000Z
0.000134225,0.00013452,0.000123823,0.000131495,24174279.37,2021-12-26T00:00:00.000Z
0.000131389,0.000135198,0.00012152,0.000123241,15527111.92,2021-12-27T00:00:00.000Z
0.000123159,0.000123159,0.000108875,0.000112941,13841847.28,2021-12-28T00:00:00.000Z
0.000112775,0.000113477,0.000103787,0.000104036,12745475.17,2021-12-29T00:00:00.000Z
0.000104138,0.000108812,9.33414E-05,0.000100008,19824865.51,2021-12-30T00:00:00.000Z
9.99695E-05,0.000110008,9.9809E-05,0.0001043,15605963.12,2021-12-31T00:00:00.000Z
0.00010429,0.000113036,0.000103524,0.000111439,10360940.17,2022-01-01T00:00:00.000Z
0.000111437,0.000117151,0.000109831,0.000113707,10885108.7,2022-01-02T00:00:00.000Z
0.000113697,0.000115469,0.000102139,0.000102915,10277237.73,2022-01-03T00:00:00.000Z
0.000102914,0.000103872,9.78207E-05,0.00010042,13799792.66,2022-01-04T00:00:00.000Z
0.000100421,0.000105508,8.20437E-05,8.79586E-05,18407501,2022-01-05T00:00:00.000Z
8.7983E-05,9.11277E-05,8.3661E-05,8.80301E-05,16734529.01,2022-01-06T00:00:00.000Z
8.80301E-05,8.92428E-05,6.9276E-05,7.40825E-05,23601762.65,2022-01-07T00:00:00.000Z
7.40851E-05,7.96158E-05,6.7415E-05,6.98991E-05,18082158.28,2022-01-08T00:00:00.000Z
6.99151E-05,7.73944E-05,6.77069E-05,7.28857E-05,16470999.78,2022-01-09T00:00:00.000Z
7.28889E-05,7.56318E-05,6.18674E-05,6.56808E-05,17290479.56,2022-01-10T00:00:00.000Z
6.5684E-05,7.01533E-05,6.4194E-05,6.9142E-05,13200098.5,2022-01-11T00:00:00.000Z
6.91278E-05,7.65473E-05,6.74028E-05,7.47033E-05,12165395.79,2022-01-12T00:00:00.000Z
7.46938E-05,7.89725E-05,7.18348E-05,7.18592E-05,14054006.61,2022-01-13T00:00:00.000Z
7.18619E-05,7.28892E-05,6.88101E-05,7.19127E-05,9202507.53,2022-01-14T00:00:00.000Z
7.19125E-05,7.28956E-05,7.05304E-05,7.09435E-05,6570245.82,2022-01-15T00:00:00.000Z
7.09445E-05,7.18943E-05,6.95838E-05,7.10774E-05,6620208.04,2022-01-16T00:00:00.000Z
7.10765E-05,7.10765E-05,5.56404E-05,6.00632E-05,20099060.75,2022-01-17T00:00:00.000Z
5.97635E-05,6.08955E-05,4.59309E-05,5.30439E-05,22371866.17,2022-01-18T00:00:00.000Z
5.30439E-05,5.55474E-05,4.76182E-05,5.12595E-05,11615678.64,2022-01-19T00:00:00.000Z
5.12595E-05,6.06932E-05,5.10313E-05,5.19742E-05,12421571.98,2022-01-20T00:00:00.000Z
5.19624E-05,5.28449E-05,4.36382E-05,4.55634E-05,13846759.9,2022-01-21T00:00:00.000Z
4.55616E-05,4.64138E-05,4.0789E-05,4.26849E-05,7937267.14,2022-01-22T00:00:00.000Z
4.26862E-05,4.96843E-05,3.74609E-05,4.00173E-05,9607112.67,2022-01-23T00:00:00.000Z
4.00175E-05,4.14111E-05,3.13724E-05,3.73254E-05,7338618.6,2022-01-24T00:00:00.000Z
3.73255E-05,5.58474E-05,3.25434E-05,4.23752E-05,18689696.98,2022-01-25T00:00:00.000Z
4.23752E-05,4.79032E-05,3.81191E-05,4.04175E-05,11777658.71,2022-01-26T00:00:00.000Z
4.04175E-05,4.20395E-05,1.62351E-05,3.99044E-05,5048063.07,2022-01-27T00:00:00.000Z
3.99045E-05,4.01585E-05,3.59303E-05,3.85326E-05,5178824.11,2022-01-28T00:00:00.000Z
3.85329E-05,4.18131E-05,3.67053E-05,4.10202E-05,6417877.82,2022-01-29T00:00:00.000Z
4.10214E-05,4.12099E-05,3.73828E-05,3.80696E-05,5406567.79,2022-01-30T00:00:00.000Z
3.80696E-05,4.01945E-05,3.71012E-05,3.84091E-05,5489240.03,2022-01-31T00:00:00.000Z
3.84094E-05,3.88229E-05,3.64995E-05,3.6736E-05,4797490.04,2022-02-01T00:00:00.000Z
3.6736E-05,3.78398E-05,3.34305E-05,3.34988E-05,5073285.53,2022-02-02T00:00:00.000Z
3.34987E-05,3.36991E-05,2.9641E-05,3.15914E-05,7267046.97,2022-02-03T00:00:00.000Z
3.1592E-05,4.14653E-05,3.14942E-05,4.07727E-05,8101811.27,2022-02-04T00:00:00.000Z
4.07734E-05,4.40527E-05,4.07734E-05,4.32119E-05,6339364.07,2022-02-05T00:00:00.000Z
4.32129E-05,4.54998E-05,4.11974E-05,4.5499E-05,5307875.26,2022-02-06T00:00:00.000Z
4.54985E-05,6.22896E-05,4.39774E-05,5.97261E-05,13601462.16,2022-02-07T00:00:00.000Z
5.97261E-05,6.12804E-05,5.00747E-05,5.39715E-05,11339195.98,2022-02-08T00:00:00.000Z
5.39713E-05,5.74209E-05,5.27973E-05,5.61522E-05,8933333.35,2022-02-09T00:00:00.000Z
5.61526E-05,5.61526E-05,4.52503E-05,4.52506E-05,9392602.7,2022-02-10T00:00:00.000Z
4.52504E-05,4.64406E-05,3.95907E-05,4.06624E-05,9029805.36,2022-02-11T00:00:00.000Z
4.06624E-05,4.225E-05,3.80599E-05,3.94241E-05,6488203.07,2022-02-12T00:00:00.000Z
3.94257E-05,4.193E-05,3.76115E-05,3.86609E-05,5053377.48,2022-02-13T00:00:00.000Z
3.86609E-05,3.96456E-05,3.66097E-05,3.76738E-05,4761012.53,2022-02-14T00:00:00.000Z
3.76737E-05,4.30199E-05,3.73861E-05,4.2949E-05,6166365.5,2022-02-15T00:00:00.000Z
4.2949E-05,4.31548E-05,4.06753E-05,4.24266E-05,4799800.72,2022-02-16T00:00:00.000Z
4.24266E-05,4.3152E-05,3.62129E-05,3.6213E-05,5589377.28,2022-02-17T00:00:00.000Z
3.6213E-05,3.82882E-05,3.53465E-05,3.64823E-05,4841432.9,2022-02-18T00:00:00.000Z
3.64823E-05,4.31281E-05,3.58036E-05,4.17742E-05,6715982.69,2022-02-19T00:00:00.000Z
4.17754E-05,4.31659E-05,3.76557E-05,3.99065E-05,5906614.52,2022-02-20T00:00:00.000Z
3.99065E-05,4.29159E-05,3.68329E-05,3.68459E-05,6461035.01,2022-02-21T00:00:00.000Z
3.6846E-05,3.74099E-05,3.40636E-05,3.63778E-05,6494132.32,2022-02-22T00:00:00.000Z
3.63778E-05,3.81598E-05,3.34725E-05,3.43211E-05,5001172,2022-02-23T00:00:00.000Z
3.43211E-05,3.43305E-05,2.59555E-05,3.18929E-05,11357585.14,2022-02-24T00:00:00.000Z
3.18929E-05,3.34284E-05,3.08361E-05,3.1751E-05,7042189.68,2022-02-25T00:00:00.000Z
3.1751E-05,3.96051E-05,3.1751E-05,3.28556E-05,4278156.59,2022-02-26T00:00:00.000Z
3.28556E-05,3.35678E-05,3.04051E-05,3.05266E-05,4367354.91,2022-02-27T00:00:00.000Z
3.05265E-05,3.94071E-05,2.9692E-05,3.91081E-05,7239384.24,2022-02-28T00:00:00.000Z
3.91081E-05,3.95148E-05,3.60167E-05,3.68446E-05,6872216.69,2022-03-01T00:00:00.000Z
3.68446E-05,4.80506E-05,3.60699E-05,4.13079E-05,15811835.42,2022-03-02T00:00:00.000Z
4.1307E-05,4.21401E-05,3.61117E-05,3.74627E-05,10827802.05,2022-03-03T00:00:00.000Z
3.74693E-05,3.76671E-05,3.30601E-05,3.39913E-05,8094260.46,2022-03-04T00:00:00.000Z
3.39889E-05,3.48572E-05,3.3778E-05,3.40628E-05,6127973.52,2022-03-05T00:00:00.000Z
3.4065E-05,3.44097E-05,3.05944E-05,3.11506E-05,7057611.48,2022-03-06T00:00:00.000Z
3.11507E-05,3.13989E-05,2.8688E-05,2.95658E-05,9176897.25,2022-03-07T00:00:00.000Z
2.95696E-05,3.04769E-05,2.89742E-05,2.91626E-05,6594764.72,2022-03-08T00:00:00.000Z
2.91625E-05,3.28868E-05,2.89706E-05,3.19904E-05,7452588.46,2022-03-09T00:00:00.000Z
3.19864E-05,3.19864E-05,2.91549E-05,2.94807E-05,5223479.15,2022-03-10T00:00:00.000Z
2.94822E-05,3.01357E-05,2.84422E-05,2.86084E-05,5839360.35,2022-03-11T00:00:00.000Z
2.8607E-05,2.8972E-05,2.8259E-05,2.8259E-05,5332282.84,2022-03-12T00:00:00.000Z
2.82581E-05,2.86154E-05,2.65426E-05,2.65428E-05,5076044.19,2022-03-13T00:00:00.000Z
2.6541E-05,2.70681E-05,2.57917E-05,2.6659E-05,7104899.92,2022-03-14T00:00:00.000Z
2.6659E-05,2.76714E-05,2.54965E-05,2.7186E-05,6768453.97,2022-03-15T00:00:00.000Z
2.71874E-05,2.94723E-05,2.68894E-05,2.9092E-05,7048704.11,2022-03-16T00:00:00.000Z
2.90905E-05,2.95871E-05,2.83049E-05,2.88723E-05,7397615.8,2022-03-17T00:00:00.000Z
2.88855E-05,2.90224E-05,2.72038E-05,2.83775E-05,6684031.17,2022-03-18T00:00:00.000Z
2.83737E-05,3.12234E-05,2.78624E-05,3.07339E-05,8599429.98,2022-03-19T00:00:00.000Z
3.07334E-05,3.11769E-05,2.82982E-05,2.86953E-05,7100750.55,2022-03-20T00:00:00.000Z
2.86857E-05,3.08751E-05,2.81051E-05,2.93704E-05,8480827.63,2022-03-21T00:00:00.000Z
2.93608E-05,3.36073E-05,2.9263E-05,3.25687E-05,9115196.48,2022-03-22T00:00:00.000Z
3.25687E-05,3.45925E-05,3.07166E-05,3.43185E-05,9073117.4,2022-03-23T00:00:00.000Z
3.43086E-05,3.8859E-05,3.43086E-05,3.73426E-05,15459538.71,2022-03-24T00:00:00.000Z
3.72984E-05,3.88379E-05,3.50431E-05,3.52296E-05,11499834.37,2022-03-25T00:00:00.000Z
3.52413E-05,3.56623E-05,3.47527E-05,3.5206E-05,8731521.27,2022-03-26T00:00:00.000Z
3.52032E-05,3.88764E-05,3.47697E-05,3.85105E-05,9573829.06,2022-03-27T00:00:00.000Z
3.85142E-05,4.20845E-05,3.83314E-05,3.98625E-05,13220480.5,2022-03-28T00:00:00.000Z
3.98549E-05,4.00229E-05,3.71603E-05,3.77016E-05,11963369.15,2022-03-29T00:00:00.000Z
3.7704E-05,3.82819E-05,3.63576E-05,3.71422E-05,10012897.52,2022-03-30T00:00:00.000Z
3.71375E-05,3.79542E-05,3.3638E-05,3.3638E-05,10651553.92,2022-03-31T00:00:00.000Z
3.36391E-05,3.54329E-05,3.32043E-05,3.46573E-05,11619531.19,2022-04-01T00:00:00.000Z
3.46573E-05,3.55912E-05,3.17685E-05,3.19195E-05,13078054.32,2022-04-02T00:00:00.000Z
3.19206E-05,3.7558E-05,3.1457E-05,3.54187E-05,20245852.21,2022-04-03T00:00:00.000Z
3.54219E-05,3.81233E-05,3.42648E-05,3.43139E-05,18474291.91,2022-04-04T00:00:00.000Z
3.43238E-05,3.99972E-05,3.43238E-05,3.64664E-05,19813254.25,2022-04-05T00:00:00.000Z
3.64644E-05,3.64644E-05,3.19886E-05,3.23352E-05,16662141.06,2022-04-06T00:00:00.000Z
3.23345E-05,3.46741E-05,3.18415E-05,3.29699E-05,16062487.72,2022-04-07T00:00:00.000Z
3.29735E-05,3.32927E-05,2.97592E-05,2.99362E-05,16656115.45,2022-04-08T00:00:00.000Z
2.99374E-05,3.07766E-05,2.97819E-05,3.06039E-05,12011321.5,2022-04-09T00:00:00.000Z
3.06043E-05,3.54894E-05,3.02767E-05,3.21061E-05,17657443.72,2022-04-10T00:00:00.000Z
3.20946E-05,3.21639E-05,2.88383E-05,2.89307E-05,12653500.46,2022-04-11T00:00:00.000Z
2.89324E-05,3.15445E-05,2.88814E-05,3.08075E-05,15726221.68,2022-04-12T00:00:00.000Z
3.08106E-05,3.18794E-05,3.04209E-05,3.18017E-05,12368123.5,2022-04-13T00:00:00.000Z
3.18071E-05,3.18687E-05,2.99045E-05,3.02521E-05,10751813.56,2022-04-14T00:00:00.000Z
3.02521E-05,3.07564E-05,3.00574E-05,3.03565E-05,11062362.58,2022-04-15T00:00:00.000Z
3.03537E-05,3.07906E-05,2.95317E-05,2.98208E-05,9670555.93,2022-04-16T00:00:00.000Z
2.98225E-05,3.00444E-05,2.88661E-05,2.8894E-05,10044145.34,2022-04-17T00:00:00.000Z
2.889E-05,2.889E-05,2.7492E-05,2.83222E-05,11265150.91,2022-04-18T00:00:00.000Z
2.8311E-05,2.88847E-05,2.77242E-05,2.86908E-05,11694311.09,2022-04-19T00:00:00.000Z
2.86876E-05,2.94636E-05,2.81479E-05,2.83291E-05,11130770.65,2022-04-20T00:00:00.000Z
2.83302E-05,3.07493E-05,2.71994E-05,2.75377E-05,13379169.13,2022-04-21T00:00:00.000Z
2.7542E-05,2.7626E-05,2.53926E-05,2.58011E-05,12458351.37,2022-04-22T00:00:00.000Z
2.57996E-05,2.59134E-05,2.5045E-05,2.52576E-05,10558465.83,2022-04-23T00:00:00.000Z
2.52589E-05,2.52589E-05,2.31569E-05,2.35383E-05,10338960.24,2022-04-24T00:00:00.000Z
2.35369E-05,2.4626E-05,2.03181E-05,2.4041E-05,15995156.21,2022-04-25T00:00:00.000Z
2.4041E-05,2.4041E-05,2.07801E-05,2.09102E-05,13896706.46,2022-04-26T00:00:00.000Z
2.0911E-05,2.15526E-05,2.03703E-05,2.0918E-05,14303043.51,2022-04-27T00:00:00.000Z
2.09177E-05,2.10673E-05,1.98545E-05,2.02148E-05,13293717.4,2022-04-28T00:00:00.000Z
2.02173E-05,2.02336E-05,1.67476E-05,1.69018E-05,13152743.77,2022-04-29T00:00:00.000Z
1.69011E-05,1.74012E-05,1.56509E-05,1.56844E-05,10518634.36,2022-04-30T00:00:00.000Z
1.56816E-05,1.59354E-05,1.40601E-05,1.47804E-05,11506327.46,2022-05-01T00:00:00.000Z
1.48032E-05,1.62768E-05,1.47831E-05,1.55047E-05,11346767.08,2022-05-02T00:00:00.000Z
1.54821E-05,1.59614E-05,1.48192E-05,1.48741E-05,9537132.62,2022-05-03T00:00:00.000Z
1.48758E-05,1.71323E-05,1.48279E-05,1.68511E-05,9786446.7,2022-05-04T00:00:00.000Z
1.68561E-05,1.70367E-05,1.37741E-05,1.4602E-05,10729885.49,2022-05-05T00:00:00.000Z
1.45478E-05,1.4722E-05,1.38308E-05,1.45906E-05,10297563.68,2022-05-06T00:00:00.000Z
1.45917E-05,1.46908E-05,1.32952E-05,1.36124E-05,8844071.34,2022-05-07T00:00:00.000Z
1.36149E-05,1.36149E-05,1.25611E-05,1.2863E-05,9211131.95,2022-05-08T00:00:00.000Z
1.28647E-05,1.28686E-05,1.03721E-05,1.06346E-05,10797575.56,2022-05-09T00:00:00.000Z
1.06365E-05,1.20786E-05,1.04357E-05,1.10916E-05,10031430.2,2022-05-10T00:00:00.000Z
1.10917E-05,1.11935E-05,6.78144E-06,7.61824E-06,12138135.28,2022-05-11T00:00:00.000Z
7.6183E-06,7.88513E-06,6.41337E-06,6.96256E-06,10599630.89,2022-05-12T00:00:00.000Z
6.96137E-06,9.13107E-06,6.90267E-06,7.94051E-06,10333484.06,2022-05-13T00:00:00.000Z
7.94044E-06,8.29315E-06,7.20245E-06,7.7937E-06,10212070.83,2022-05-14T00:00:00.000Z
7.79241E-06,8.76093E-06,7.47053E-06,8.76056E-06,7993827.17,2022-05-15T00:00:00.000Z
8.76323E-06,8.76645E-06,7.94139E-06,8.17988E-06,8238330.06,2022-05-16T00:00:00.000Z
8.18084E-06,1.02339E-05,8.11083E-06,9.96939E-06,9049649.78,2022-05-17T00:00:00.000Z
9.96988E-06,1.04376E-05,8.48468E-06,8.93496E-06,8420850.35,2022-05-18T00:00:00.000Z
8.94263E-06,9.7297E-06,8.83391E-06,9.47053E-06,12082318.03,2022-05-19T00:00:00.000Z
9.47006E-06,1.02714E-05,9.25826E-06,9.58597E-06,18806341.15,2022-05-20T00:00:00.000Z
9.58597E-06,1.03164E-05,9.52806E-06,1.00126E-05,16075693.04,2022-05-21T00:00:00.000Z
1.00143E-05,1.05207E-05,1.001E-05,1.04402E-05,13778112.36,2022-05-22T00:00:00.000Z
1.04376E-05,1.11489E-05,9.98014E-06,1.00891E-05,15214014.51,2022-05-23T00:00:00.000Z
1.00884E-05,1.03866E-05,9.6081E-06,1.03097E-05,17907246.96,2022-05-24T00:00:00.000Z
1.03115E-05,1.03625E-05,9.88412E-06,9.92975E-06,12596101.4,2022-05-25T00:00:00.000Z
9.92806E-06,1.00632E-05,8.80383E-06,9.31253E-06,15777014.89,2022-05-26T00:00:00.000Z
9.31112E-06,9.31112E-06,8.62147E-06,8.73024E-06,14607752,2022-05-27T00:00:00.000Z
8.50102E-06,9.17908E-06,8.40316E-06,9.04081E-06,16216395.53,2022-05-28T00:00:00.000Z
9.03922E-06,9.17763E-06,8.85749E-06,9.02123E-06,12961849.22,2022-05-29T00:00:00.000Z
9.02122E-06,1.00605E-05,8.97844E-06,9.97972E-06,17086008.45,2022-05-30T00:00:00.000Z
9.97962E-06,1.01814E-05,9.72835E-06,1.00104E-05,13088503.77,2022-05-31T00:00:00.000Z
1.00086E-05,1.00388E-05,9.03691E-06,9.16321E-06,16473148.08,2022-06-01T00:00:00.000Z
9.16146E-06,9.19496E-06,8.57827E-06,9.17924E-06,17068205.37,2022-06-02T00:00:00.000Z
9.18002E-06,9.2017E-06,8.62073E-06,8.77742E-06,15593167.34,2022-06-03T00:00:00.000Z
8.77639E-06,8.86182E-06,8.59232E-06,8.77818E-06,12453513.77,2022-06-04T00:00:00.000Z
8.7765E-06,8.8724E-06,8.30793E-06,8.41902E-06,14524897.56,2022-06-05T00:00:00.000Z
8.41896E-06,8.99365E-06,8.41675E-06,8.69176E-06,14724813.06,2022-06-06T00:00:00.000Z
8.69181E-06,8.70511E-06,8.148E-06,8.32203E-06,16528652.42,2022-06-07T00:00:00.000Z
8.32066E-06,8.44681E-06,8.13696E-06,8.148E-06,13456158.02,2022-06-08T00:00:00.000Z
8.14775E-06,8.22077E-06,7.86316E-06,7.89091E-06,12124732.41,2022-06-09T00:00:00.000Z
7.89401E-06,7.98169E-06,7.2919E-06,7.29302E-06,11889246.79,2022-06-10T00:00:00.000Z
7.29137E-06,7.39621E-06,6.58736E-06,6.6189E-06,19301028.29,2022-06-11T00:00:00.000Z
6.61937E-06,6.66364E-06,5.73617E-06,5.74371E-06,23080369.07,2022-06-12T00:00:00.000Z
5.74084E-06,5.74709E-06,5.04721E-06,5.36723E-06,9999217.49,2022-06-13T00:00:00.000Z
5.36376E-06,5.92699E-06,5.13873E-06,5.81392E-06,6793290.19,2022-06-14T00:00:00.000Z
5.81545E-06,6.4246E-06,5.39121E-06,6.40508E-06,6828920.44,2022-06-15T00:00:00.000Z
6.40504E-06,6.57515E-06,5.76818E-06,5.8135E-06,6046835.83,2022-06-16T00:00:00.000Z
5.81345E-06,5.95613E-06,5.45994E-06,5.60101E-06,6289053.02,2022-06-17T00:00:00.000Z
5.6026E-06,5.66942E-06,4.87494E-06,5.15717E-06,5373372.17,2022-06-18T00:00:00.000Z
5.15663E-06,5.87944E-06,5.07101E-06,5.81883E-06,6066334.16,2022-06-19T00:00:00.000Z
5.81882E-06,5.91565E-06,5.54658E-06,5.65135E-06,4532148.93,2022-06-20T00:00:00.000Z
5.65144E-06,6.91307E-06,5.63349E-06,6.54458E-06,5537302.62,2022-06-21T00:00:00.000Z
6.54469E-06,6.55503E-06,5.86648E-06,6.2264E-06,5478361.61,2022-06-22T00:00:00.000Z
6.22645E-06,6.47204E-06,5.88334E-06,6.35804E-06,4796944.42,2022-06-23T00:00:00.000Z
6.35823E-06,6.74903E-06,6.33678E-06,6.66978E-06,4344589.04,2022-06-24T00:00:00.000Z
6.66979E-06,7.00527E-06,6.66379E-06,6.89892E-06,4798936.24,2022-06-25T00:00:00.000Z
6.89883E-06,7.08915E-06,6.59861E-06,6.61814E-06,4636683.35,2022-06-26T00:00:00.000Z
6.62049E-06,6.63395E-06,6.0298E-06,6.12952E-06,4633383.26,2022-06-27T00:00:00.000Z
6.12952E-06,6.22946E-06,5.73613E-06,5.73781E-06,4176761.09,2022-06-28T00:00:00.000Z
5.73768E-06,5.77328E-06,5.52117E-06,5.59475E-06,4044527.44,2022-06-29T00:00:00.000Z
5.5956E-06,5.63658E-06,5.21609E-06,5.57848E-06,3841768.5,2022-06-30T00:00:00.000Z
5.57771E-06,6.14904E-06,5.57585E-06,5.95312E-06,4132864.87,2022-07-01T00:00:00.000Z
5.95154E-06,6.04542E-06,5.92162E-06,5.94291E-06,2183203.11,2022-07-02T00:00:00.000Z
5.94296E-06,6.16546E-06,5.90354E-06,6.14286E-06,2572298.28,2022-07-03T00:00:00.000Z
6.14096E-06,6.56044E-06,6.0461E-06,6.5535E-06,3014583.42,2022-07-04T00:00:00.000Z
6.55335E-06,6.63796E-06,5.97555E-06,6.35617E-06,3099462.77,2022-07-05T00:00:00.000Z
6.35877E-06,6.54481E-06,6.27753E-06,6.52737E-06,2924585.83,2022-07-06T00:00:00.000Z
6.52802E-06,6.83365E-06,6.33544E-06,6.70982E-06,2812055.16,2022-07-07T00:00:00.000Z
6.70665E-06,6.78532E-06,6.48743E-06,6.60654E-06,2751147,2022-07-08T00:00:00.000Z
6.60535E-06,6.74036E-06,6.54534E-06,6.68455E-06,2491685.73,2022-07-09T00:00:00.000Z
6.68989E-06,6.69108E-06,6.28521E-06,6.40371E-06,2638495.15,2022-07-10T00:00:00.000Z
6.40454E-06,6.41273E-06,6.14894E-06,6.14894E-06,2885504.8,2022-07-11T00:00:00.000Z
6.15009E-06,6.18457E-06,5.99452E-06,6.00151E-06,2984929.23,2022-07-12T00:00:00.000Z
6.00025E-06,6.13671E-06,5.77695E-06,6.12866E-06,3211668.74,2022-07-13T00:00:00.000Z
6.12799E-06,6.37423E-06,5.95973E-06,6.25008E-06,2743115.01,2022-07-14T00:00:00.000Z
6.24849E-06,6.45886E-06,6.22568E-06,6.34523E-06,2333974.41,2022-07-15T00:00:00.000Z
6.34672E-06,6.71941E-06,6.16437E-06,6.71941E-06,2378639.37,2022-07-16T00:00:00.000Z
6.71932E-06,6.74196E-06,6.50033E-06,6.52644E-06,2327696.49,2022-07-17T00:00:00.000Z
6.52793E-06,7.26634E-06,6.51318E-06,7.21702E-06,2712963.35,2022-07-18T00:00:00.000Z
7.22067E-06,9.73112E-06,7.01442E-06,8.70232E-06,5646585.59,2022-07-19T00:00:00.000Z
8.70116E-06,1.15206E-05,8.64767E-06,9.68722E-06,7916919.86,2022-07-20T00:00:00.000Z
9.68442E-06,1.03484E-05,9.12317E-06,1.0292E-05,3879849.22,2022-07-21T00:00:00.000Z
1.02946E-05,1.07521E-05,9.55647E-06,9.63691E-06,3673996.71,2022-07-22T00:00:00.000Z
9.63828E-06,1.00854E-05,9.19071E-06,9.58615E-06,3190081.29,2022-07-23T00:00:00.000Z
9.58612E-06,1.0105E-05,9.55019E-06,9.82753E-06,2787136.62,2022-07-24T00:00:00.000Z
9.82731E-06,1.11843E-05,9.41302E-06,1.0254E-05,4567698.71,2022-07-25T00:00:00.000Z
1.0253E-05,1.08077E-05,9.95269E-06,1.00428E-05,4192765.56,2022-07-26T00:00:00.000Z
1.0043E-05,1.12812E-05,9.82435E-06,1.11725E-05,3691078.03,2022-07-27T00:00:00.000Z
1.11745E-05,1.1541E-05,1.08626E-05,1.11325E-05,4314221.74,2022-07-28T00:00:00.000Z
1.1153E-05,1.14702E-05,1.08384E-05,1.14248E-05,3856723.18,2022-07-29T00:00:00.000Z
1.14237E-05,1.30259E-05,1.12343E-05,1.25225E-05,4727013.66,2022-07-30T00:00:00.000Z
1.25223E-05,1.62433E-05,1.24162E-05,1.29437E-05,12095435.71,2022-07-31T00:00:00.000Z
1.29429E-05,1.71285E-05,1.2828E-05,1.71285E-05,12368071.79,2022-08-01T00:00:00.000Z
1.71287E-05,1.744E-05,1.46211E-05,1.58417E-05,6940033.93,2022-08-02T00:00:00.000Z
1.58468E-05,1.6259E-05,1.54205E-05,1.56451E-05,3831019,2022-08-03T00:00:00.000Z
1.56447E-05,1.60143E-05,1.466E-05,1.53626E-05,4357748.26,2022-08-04T00:00:00.000Z
1.53609E-05,1.56017E-05,1.4652E-05,1.50495E-05,4679466.46,2022-08-05T00:00:00.000Z
1.50507E-05,1.52195E-05,1.45548E-05,1.4667E-05,3484222.44,2022-08-06T00:00:00.000Z
1.46649E-05,1.46805E-05,1.38658E-05,1.40628E-05,3946416.08,2022-08-07T00:00:00.000Z
1.40616E-05,1.51062E-05,1.40616E-05,1.45916E-05,4937254.9,2022-08-08T00:00:00.000Z
1.45948E-05,1.49577E-05,1.3315E-05,1.35433E-05,4338243.14,2022-08-09T00:00:00.000Z
1.35414E-05,1.52365E-05,1.33738E-05,1.48763E-05,4628385.21,2022-08-10T00:00:00.000Z
1.48761E-05,1.56488E-05,1.48761E-05,1.51951E-05,4408774.51,2022-08-11T00:00:00.000Z
1.51951E-05,1.54463E-05,1.5102E-05,1.53635E-05,3007612.6,2022-08-12T00:00:00.000Z
1.53598E-05,1.57602E-05,1.52449E-05,1.52777E-05,3054169.4,2022-08-13T00:00:00.000Z
1.52838E-05,1.68601E-05,1.52053E-05,1.62103E-05,4929703.91,2022-08-14T00:00:00.000Z
1.62098E-05,1.66479E-05,1.54145E-05,1.55558E-05,3657285.88,2022-08-15T00:00:00.000Z
1.5554E-05,1.56764E-05,1.49318E-05,1.53599E-05,3515861.64,2022-08-16T00:00:00.000Z
1.53596E-05,1.59736E-05,1.48763E-05,1.50143E-05,3248224.55,2022-08-17T00:00:00.000Z
1.50143E-05,1.50651E-05,1.32807E-05,1.32807E-05,3018687.42,2022-08-18T00:00:00.000Z
1.32836E-05,1.33596E-05,1.04532E-05,1.06627E-05,5089109.86,2022-08-19T00:00:00.000Z
1.06505E-05,1.13219E-05,1.05291E-05,1.07551E-05,3171671.53,2022-08-20T00:00:00.000Z
1.07546E-05,1.13518E-05,1.07263E-05,1.12388E-05,2752002.36,2022-08-21T00:00:00.000Z
1.12372E-05,1.12817E-05,1.02696E-05,1.08895E-05,2643518.88,2022-08-22T00:00:00.000Z
1.08893E-05,1.13204E-05,1.07416E-05,1.12218E-05,2528792.99,2022-08-23T00:00:00.000Z
1.12213E-05,1.12678E-05,1.08914E-05,1.09644E-05,2245035.55,2022-08-24T00:00:00.000Z
1.09628E-05,1.12792E-05,1.08765E-05,1.09894E-05,2249791.22,2022-08-25T00:00:00.000Z
1.09906E-05,1.11053E-05,9.15251E-06,9.17347E-06,3294659.9,2022-08-26T00:00:00.000Z
9.17305E-06,9.7437E-06,9.07631E-06,9.25428E-06,2386509.52,2022-08-27T00:00:00.000Z
9.25646E-06,1.05061E-05,9.20062E-06,9.61019E-06,2503549.09,2022-08-28T00:00:00.000Z
9.61273E-06,1.08395E-05,9.48059E-06,1.06347E-05,2887526.7,2022-08-29T00:00:00.000Z
1.06332E-05,1.10303E-05,1.0042E-05,1.04802E-05,2923834.01,2022-08-30T00:00:00.000Z
1.04823E-05,1.07965E-05,1.00296E-05,1.00415E-05,2372965.1,2022-08-31T00:00:00.000Z
1.00402E-05,1.01303E-05,9.69813E-06,1.00572E-05,2439652.95,2022-09-01T00:00:00.000Z
1.00575E-05,1.008E-05,9.69681E-06,9.71294E-06,2781255.01,2022-09-02T00:00:00.000Z
9.7142E-06,9.79149E-06,9.55152E-06,9.62303E-06,2197566.84,2022-09-03T00:00:00.000Z
9.5989E-06,9.87262E-06,9.55786E-06,9.80529E-06,2413450.93,2022-09-04T00:00:00.000Z
9.80444E-06,9.82933E-06,9.53673E-06,9.56841E-06,2458708.77,2022-09-05T00:00:00.000Z
9.5707E-06,9.82112E-06,8.88235E-06,8.91081E-06,3031365.35,2022-09-06T00:00:00.000Z
8.91436E-06,9.28781E-06,8.80773E-06,9.23502E-06,2683984.32,2022-09-07T00:00:00.000Z
9.23527E-06,9.23784E-06,8.87536E-06,9.08115E-06,2620211.82,2022-09-08T00:00:00.000Z
9.08005E-06,9.91192E-06,9.04704E-06,9.85306E-06,3367193.37,2022-09-09T00:00:00.000Z
9.85097E-06,1.02367E-05,9.71442E-06,1.02367E-05,2808819.44,2022-09-10T00:00:00.000Z
1.02367E-05,1.05398E-05,9.6506E-06,9.69554E-06,2980882.98,2022-09-11T00:00:00.000Z
9.69679E-06,9.81395E-06,9.47778E-06,9.62161E-06,2812587.62,2022-09-12T00:00:00.000Z
9.62081E-06,9.62081E-06,8.72898E-06,8.77879E-06,2950066.41,2022-09-13T00:00:00.000Z
8.83758E-06,8.91121E-06,8.62227E-06,8.90325E-06,2691012.29,2022-09-14T00:00:00.000Z
8.90073E-06,8.91209E-06,8.25633E-06,8.42638E-06,2804447.62,2022-09-15T00:00:00.000Z
8.42951E-06,8.48092E-06,8.19556E-06,8.3721E-06,2612212.45,2022-09-16T00:00:00.000Z
8.37263E-06,8.46057E-06,8.27149E-06,8.3674E-06,2187198.87,2022-09-17T00:00:00.000Z
8.36699E-06,8.37991E-06,7.97095E-06,8.01027E-06,2225599.64,2022-09-18T00:00:00.000Z
8.01336E-06,8.16224E-06,7.57731E-06,8.13448E-06,2408539.56,2022-09-19T00:00:00.000Z
8.13474E-06,8.19854E-06,7.77716E-06,7.79435E-06,2216140.16,2022-09-20T00:00:00.000Z
7.79247E-06,8.26206E-06,7.62575E-06,7.68332E-06,2077490.74,2022-09-21T00:00:00.000Z
7.68308E-06,8.02172E-06,7.64321E-06,7.81244E-06,2002585.59,2022-09-22T00:00:00.000Z
7.8104E-06,7.97248E-06,7.65135E-06,7.7891E-06,2395884.53,2022-09-23T00:00:00.000Z
7.78786E-06,7.97609E-06,7.637E-06,7.637E-06,2570789.19,2022-09-24T00:00:00.000Z
7.63759E-06,7.7138E-06,7.48979E-06,7.54953E-06,2206676.23,2022-09-25T00:00:00.000Z
7.54986E-06,7.60038E-06,7.35395E-06,7.56266E-06,2450195.38,2022-09-26T00:00:00.000Z
7.56153E-06,8.22858E-06,7.55271E-06,7.86445E-06,3387082.88,2022-09-27T00:00:00.000Z
7.86228E-06,7.87471E-06,7.60158E-06,7.81268E-06,2514898.45,2022-09-28T00:00:00.000Z
7.81622E-06,7.94935E-06,7.75262E-06,7.8651E-06,2044622.58,2022-09-29T00:00:00.000Z
7.86121E-06,7.96038E-06,7.74255E-06,7.78033E-06,1977650.89,2022-09-30T00:00:00.000Z
7.77911E-06,7.8555E-06,7.68158E-06,7.7259E-06,1597230.43,2022-10-01T00:00:00.000Z
7.72675E-06,7.78087E-06,7.62058E-06,7.7328E-06,1622346.99,2022-10-02T00:00:00.000Z
7.73154E-06,7.76738E-06,7.51004E-06,7.68326E-06,1884567.64,2022-10-03T00:00:00.000Z
7.68364E-06,8.10752E-06,7.66747E-06,8.09745E-06,2052415.36,2022-10-04T00:00:00.000Z
8.09629E-06,8.19827E-06,7.82068E-06,7.96424E-06,1927918.03,2022-10-05T00:00:00.000Z
7.96408E-06,8.02764E-06,7.77098E-06,7.82853E-06,1794463.67,2022-10-06T00:00:00.000Z
7.82931E-06,7.90116E-06,7.64439E-06,7.68437E-06,1797796.21,2022-10-07T00:00:00.000Z
7.68752E-06,7.69355E-06,7.51932E-06,7.52137E-06,1722481.09,2022-10-08T00:00:00.000Z
7.52227E-06,7.59439E-06,7.48256E-06,7.56432E-06,1826058.12,2022-10-09T00:00:00.000Z
7.56408E-06,7.57862E-06,7.41541E-06,7.43492E-06,1736113.12,2022-10-10T00:00:00.000Z
7.43491E-06,7.54769E-06,7.25817E-06,7.38305E-06,2032417.56,2022-10-11T00:00:00.000Z
7.38268E-06,7.45244E-06,7.33641E-06,7.37452E-06,1794418.76,2022-10-12T00:00:00.000Z
7.37452E-06,7.40207E-06,6.97562E-06,7.27594E-06,1969484.63,2022-10-13T00:00:00.000Z
7.27698E-06,7.51818E-06,7.12735E-06,7.14744E-06,1945188.97,2022-10-14T00:00:00.000Z
7.14762E-06,7.90122E-06,7.10482E-06,7.31662E-06,2479255.74,2022-10-15T00:00:00.000Z
7.31619E-06,7.43918E-06,7.23028E-06,7.26154E-06,1993791.85,2022-10-16T00:00:00.000Z
7.263E-06,7.34009E-06,7.14928E-06,7.27128E-06,2159476.47,2022-10-17T00:00:00.000Z
7.26931E-06,7.27764E-06,6.9225E-06,6.9225E-06,1797179.48,2022-10-18T00:00:00.000Z
6.92224E-06,6.93476E-06,6.75622E-06,6.76318E-06,1756613.99,2022-10-19T00:00:00.000Z
6.7611E-06,6.90813E-06,6.63834E-06,6.66552E-06,1501917.45,2022-10-20T00:00:00.000Z
6.66542E-06,6.72197E-06,6.52402E-06,6.6618E-06,1331238.24,2022-10-21T00:00:00.000Z
6.66172E-06,6.74545E-06,6.65667E-06,6.68902E-06,1357547.65,2022-10-22T00:00:00.000Z
6.6888E-06,6.94361E-06,6.67708E-06,6.93859E-06,1503537.96,2022-10-23T00:00:00.000Z
6.94083E-06,6.94455E-06,6.68887E-06,6.89421E-06,1609515.47,2022-10-24T00:00:00.000Z
6.89544E-06,7.20245E-06,6.77865E-06,6.99263E-06,1715428.48,2022-10-25T00:00:00.000Z
6.99443E-06,7.39436E-06,6.984E-06,7.33669E-06,1647670.51,2022-10-26T00:00:00.000Z
7.33773E-06,7.7852E-06,7.21233E-06,7.50839E-06,2130924.33,2022-10-27T00:00:00.000Z
7.50852E-06,8.86041E-06,7.20603E-06,8.85351E-06,3204918.21,2022-10-28T00:00:00.000Z
8.85417E-06,1.24847E-05,8.80726E-06,1.2057E-05,9384532.62,2022-10-29T00:00:00.000Z
1.2056E-05,1.2056E-05,9.68282E-06,9.98861E-06,4004789.11,2022-10-30T00:00:00.000Z
9.99029E-06,1.08119E-05,9.60408E-06,1.06202E-05,3120966.28,2022-10-31T00:00:00.000Z
1.062E-05,1.25268E-05,1.0582E-05,1.19019E-05,4979867.11,2022-11-01T00:00:00.000Z
1.19016E-05,1.24932E-05,1.05886E-05,1.09696E-05,3365108.65,2022-11-02T00:00:00.000Z
1.09724E-05,1.16785E-05,1.09008E-05,1.10191E-05,2250536.59,2022-11-03T00:00:00.000Z
1.10138E-05,1.16865E-05,1.06606E-05,1.15175E-05,2988655.64,2022-11-04T00:00:00.000Z
1.15203E-05,1.20121E-05,1.10656E-05,1.10911E-05,2429794.38,2022-11-05T00:00:00.000Z
1.10861E-05,1.11828E-05,1.07249E-05,1.0801E-05,2231851.33,2022-11-06T00:00:00.000Z
1.08022E-05,1.08033E-05,9.69068E-06,9.73078E-06,2426000,2022-11-07T00:00:00.000Z
9.73126E-06,1.05153E-05,8.34716E-06,8.88483E-06,3304393.55,2022-11-08T00:00:00.000Z
8.88498E-06,8.93791E-06,7.24324E-06,7.24601E-06,2287177.97,2022-11-09T00:00:00.000Z
7.24226E-06,8.71899E-06,7.23435E-06,8.34964E-06,2657997.29,2022-11-10T00:00:00.000Z
8.37949E-06,8.37949E-06,7.808E-06,8.04515E-06,2677808.01,2022-11-11T00:00:00.000Z
8.04611E-06,8.22074E-06,7.79404E-06,8.04412E-06,2644502.49,2022-11-12T00:00:00.000Z
8.04449E-06,8.12412E-06,7.29482E-06,7.30525E-06,2749411.18,2022-11-13T00:00:00.000Z
7.30579E-06,7.65508E-06,7.05527E-06,7.33639E-06,3483093.3,2022-11-14T00:00:00.000Z
7.33679E-06,7.96935E-06,7.29956E-06,7.83682E-06,3889397.93,2022-11-15T00:00:00.000Z
7.83524E-06,7.87269E-06,7.49466E-06,7.52725E-06,3713612.23,2022-11-16T00:00:00.000Z
7.52598E-06,7.65881E-06,7.34642E-06,7.42289E-06,2417394.1,2022-11-17T00:00:00.000Z
7.42578E-06,7.56663E-06,7.31319E-06,7.36576E-06,2650533.6,2022-11-18T00:00:00.000Z
7.36745E-06,9.00807E-06,7.30728E-06,8.79351E-06,3634309.86,2022-11-19T00:00:00.000Z
8.79794E-06,9.98391E-06,8.3035E-06,8.30896E-06,5066088.48,2022-11-20T00:00:00.000Z
8.31094E-06,8.92313E-06,8.13353E-06,8.48995E-06,3435808.17,2022-11-21T00:00:00.000Z
8.49018E-06,9.17881E-06,8.44753E-06,8.72483E-06,3384588.36,2022-11-22T00:00:00.000Z
8.72251E-06,9.63165E-06,8.72251E-06,9.23577E-06,2902912.18,2022-11-23T00:00:00.000Z
9.23513E-06,9.30797E-06,8.80561E-06,8.85933E-06,4042115.76,2022-11-24T00:00:00.000Z
8.85917E-06,9.00196E-06,8.62164E-06,8.86077E-06,2308852.42,2022-11-25T00:00:00.000Z
8.85891E-06,9.06611E-06,8.79393E-06,8.79724E-06,1969757.9,2022-11-26T00:00:00.000Z
8.79827E-06,1.01064E-05,8.74352E-06,9.58553E-06,3017001.99,2022-11-27T00:00:00.000Z
9.58523E-06,9.63617E-06,9.09527E-06,9.33948E-06,2647964.3,2022-11-28T00:00:00.000Z
9.34012E-06,1.01309E-05,9.28961E-06,1.01268E-05,2949447.04,2022-11-29T00:00:00.000Z
1.01257E-05,1.12042E-05,1.00847E-05,1.11246E-05,2987147.18,2022-11-30T00:00:00.000Z
1.11253E-05,1.12668E-05,1.02997E-05,1.03354E-05,3529336.64,2022-12-01T00:00:00.000Z
1.0336E-05,1.07E-05,9.94526E-06,1.06413E-05,3082393.02,2022-12-02T00:00:00.000Z
1.06381E-05,1.06722E-05,1.00931E-05,1.01303E-05,2838002.92,2022-12-03T00:00:00.000Z
1.01299E-05,1.05119E-05,9.99426E-06,1.02888E-05,2808877.43,2022-12-04T00:00:00.000Z
1.0283E-05,1.05342E-05,1.00353E-05,1.00858E-05,2882371.24,2022-12-05T00:00:00.000Z
1.00854E-05,1.01561E-05,9.57828E-06,9.84268E-06,5801032.91,2022-12-06T00:00:00.000Z
9.84221E-06,9.90137E-06,9.27969E-06,9.43769E-06,3225865.22,2022-12-07T00:00:00.000Z
9.43827E-06,9.61592E-06,9.28464E-06,9.57281E-06,1828389.43,2022-12-08T00:00:00.000Z
9.57303E-06,9.59202E-06,9.36363E-06,9.4291E-06,1925770.2,2022-12-09T00:00:00.000Z
9.42759E-06,9.47881E-06,9.28701E-06,9.36425E-06,1918120.36,2022-12-10T00:00:00.000Z
9.36049E-06,9.51723E-06,9.33709E-06,9.46398E-06,3416674.89,2022-12-11T00:00:00.000Z
9.46063E-06,9.46063E-06,9.09297E-06,9.22414E-06,2403921.8,2022-12-12T00:00:00.000Z
9.22163E-06,9.69846E-06,9.08833E-06,9.54446E-06,1748868.91,2022-12-13T00:00:00.000Z
9.54516E-06,9.62127E-06,9.30799E-06,9.3432E-06,1773106.9,2022-12-14T00:00:00.000Z
9.36895E-06,1.12212E-05,9.22583E-06,1.04668E-05,4819407.5,2022-12-15T00:00:00.000Z
1.04673E-05,1.06496E-05,8.99886E-06,9.05098E-06,2938197.6,2022-12-16T00:00:00.000Z
9.05363E-06,9.0977E-06,8.55818E-06,8.97387E-06,1971168.46,2022-12-17T00:00:00.000Z
8.97423E-06,9.18873E-06,8.85112E-06,9.02332E-06,1535556.21,2022-12-18T00:00:00.000Z
9.02416E-06,9.05031E-06,8.72062E-06,8.73005E-06,1886160.61,2022-12-19T00:00:00.000Z
8.73243E-06,9.0707E-06,8.72995E-06,8.9906E-06,1834354.66,2022-12-20T00:00:00.000Z
8.98936E-06,9.13152E-06,8.85221E-06,9.11199E-06,1988732.58,2022-12-21T00:00:00.000Z
9.11256E-06,9.35413E-06,8.78037E-06,8.98743E-06,1992835.83,2022-12-22T00:00:00.000Z
8.98239E-06,9.21757E-06,8.97444E-06,9.0405E-06,1709385.89,2022-12-23T00:00:00.000Z
9.03921E-06,9.34639E-06,9.03921E-06,9.18157E-06,2421358.12,2022-12-24T00:00:00.000Z
9.1775E-06,9.22958E-06,8.88629E-06,9.00474E-06,4843571.47,2022-12-25T00:00:00.000Z
9.0057E-06,9.02132E-06,8.72148E-06,8.76044E-06,4490836.93,2022-12-26T00:00:00.000Z
8.75577E-06,8.87004E-06,8.54144E-06,8.63107E-06,4419710.69,2022-12-27T00:00:00.000Z
8.6311E-06,8.63699E-06,8.21852E-06,8.22833E-06,2669585.09,2022-12-28T00:00:00.000Z
8.23058E-06,8.42298E-06,8.17249E-06,8.26032E-06,1938979.47,2022-12-29T00:00:00.000Z
8.26373E-06,8.27484E-06,7.97602E-06,8.03326E-06,1920902.68,2022-12-30T00:00:00.000Z
8.03252E-06,8.1891E-06,7.9571E-06,8.14764E-06,1920492.32,2022-12-31T00:00:00.000Z
8.15012E-06,8.16266E-06,7.91571E-06,8.00486E-06,1859784.56,2023-01-01T00:00:00.000Z
8.00548E-06,8.06918E-06,7.9583E-06,8.00737E-06,1729448.82,2023-01-02T00:00:00.000Z
8.00756E-06,8.06344E-06,7.78412E-06,7.85848E-06,1815748.48,2023-01-03T00:00:00.000Z
7.85805E-06,7.99636E-06,7.82756E-06,7.90651E-06,2023655.23,2023-01-04T00:00:00.000Z
7.90746E-06,7.9472E-06,7.82296E-06,7.864E-06,1887420.16,2023-01-05T00:00:00.000Z
7.86336E-06,7.8846E-06,7.64234E-06,7.77317E-06,1669032.12,2023-01-06T00:00:00.000Z
7.77326E-06,7.87641E-06,7.63495E-06,7.65391E-06,1616851,2023-01-07T00:00:00.000Z
7.64893E-06,7.81101E-06,7.61662E-06,7.79386E-06,1649569.7,2023-01-08T00:00:00.000Z
7.79288E-06,8.49166E-06,7.77987E-06,8.24818E-06,1898748.14,2023-01-09T00:00:00.000Z
8.25124E-06,8.34741E-06,8.11969E-06,8.24705E-06,2500344.28,2023-01-10T00:00:00.000Z
8.24757E-06,8.2715E-06,8.01051E-06,8.24275E-06,3965864.1,2023-01-11T00:00:00.000Z
8.2568E-06,8.78178E-06,8.2568E-06,8.77176E-06,5225784.25,2023-01-12T00:00:00.000Z
8.77217E-06,9.47532E-06,8.71721E-06,9.42227E-06,2573621.35,2023-01-13T00:00:00.000Z
9.41549E-06,1.01853E-05,9.41476E-06,9.97454E-06,3209050.53,2023-01-14T00:00:00.000Z
9.97434E-06,1.00283E-05,9.43088E-06,9.83203E-06,1791352.54,2023-01-15T00:00:00.000Z
9.83441E-06,1.00299E-05,9.74175E-06,9.94762E-06,1798178.19,2023-01-16T00:00:00.000Z
9.95043E-06,1.12313E-05,9.67579E-06,1.07487E-05,3463494.53,2023-01-17T00:00:00.000Z
1.07437E-05,1.07437E-05,9.61178E-06,1.02626E-05,4504534.56,2023-01-18T00:00:00.000Z
1.02701E-05,1.07326E-05,1.00694E-05,1.04411E-05,5964267.62,2023-01-19T00:00:00.000Z
1.04365E-05,1.10578E-05,1.01069E-05,1.10416E-05,10187530.17,2023-01-20T00:00:00.000Z
1.10468E-05,1.14009E-05,1.098E-05,1.12218E-05,6571229.16,2023-01-21T00:00:00.000Z
1.12277E-05,1.19195E-05,1.10795E-05,1.17004E-05,4748476.6,2023-01-22T00:00:00.000Z
1.16983E-05,1.2066E-05,1.14794E-05,1.19736E-05,3819892.39,2023-01-23T00:00:00.000Z
1.197E-05,1.24757E-05,1.15124E-05,1.15199E-05,3472162.25,2023-01-24T00:00:00.000Z
1.15535E-05,1.15857E-05,1.05855E-05,1.13284E-05,3761806.88,2023-01-25T00:00:00.000Z
1.13233E-05,1.13892E-05,1.09069E-05,1.12454E-05,2622070.61,2023-01-26T00:00:00.000Z
1.12454E-05,1.66121E-05,1.10117E-05,1.55344E-05,9548262.93,2023-01-27T00:00:00.000Z
1.55281E-05,2.29447E-05,1.4694E-05,2.09706E-05,20583593.82,2023-01-28T00:00:00.000Z
2.09756E-05,2.97347E-05,1.94437E-05,2.36E-05,40282009.89,2023-01-29T00:00:00.000Z
2.36118E-05,2.76697E-05,2.19474E-05,2.48489E-05,27394786.64,2023-01-30T00:00:00.000Z
2.49667E-05,2.61752E-05,2.37996E-05,2.4608E-05,22449281.33,2023-01-31T00:00:00.000Z
2.45945E-05,2.64167E-05,2.19264E-05,2.60227E-05,16285294.72,2023-02-01T00:00:00.000Z
2.60269E-05,2.73092E-05,2.54276E-05,2.55801E-05,13353096.06,2023-02-02T00:00:00.000Z
2.55714E-05,2.58838E-05,2.41146E-05,2.54131E-05,12638407.39,2023-02-03T00:00:00.000Z
2.54055E-05,3.2565E-05,2.50883E-05,3.18214E-05,40303607.26,2023-02-04T00:00:00.000Z
3.17793E-05,3.19388E-05,2.77463E-05,2.85496E-05,25981252.69,2023-02-05T00:00:00.000Z
2.85588E-05,3.46622E-05,2.85496E-05,3.16767E-05,37772971.39,2023-02-06T00:00:00.000Z
3.16858E-05,3.46819E-05,3.16738E-05,3.23696E-05,27781465.61,2023-02-07T00:00:00.000Z
3.2369E-05,3.27013E-05,2.85669E-05,2.97757E-05,25501963.51,2023-02-08T00:00:00.000Z
2.97669E-05,2.97965E-05,2.24423E-05,2.32139E-05,31161764.23,2023-02-09T00:00:00.000Z
2.31976E-05,2.43354E-05,1.88111E-05,2.06819E-05,27979209.21,2023-02-10T00:00:00.000Z
2.0672E-05,2.44078E-05,2.01301E-05,2.35857E-05,18189306.97,2023-02-11T00:00:00.000Z
2.3571E-05,2.47562E-05,2.21813E-05,2.28166E-05,19539262.06,2023-02-12T00:00:00.000Z
2.28051E-05,2.30276E-05,2.06167E-05,2.12752E-05,17685636.13,2023-02-13T00:00:00.000Z
2.12753E-05,2.32985E-05,2.09189E-05,2.27639E-05,20747170.45,2023-02-14T00:00:00.000Z
2.27474E-05,3.87819E-05,2.2289E-05,3.69749E-05,160209678.4,2023-02-15T00:00:00.000Z
3.69657E-05,6.6835E-05,3.56023E-05,5.48278E-05,278918193.3,2023-02-16T00:00:00.000Z
5.49635E-05,6.62177E-05,4.58477E-05,5.43E-05,257995316.3,2023-02-17T00:00:00.000Z
5.42691E-05,5.49361E-05,4.73027E-05,5.0914E-05,124373599.6,2023-02-18T00:00:00.000Z
5.09191E-05,5.33353E-05,4.74896E-05,4.74896E-05,66188109.21,2023-02-19T00:00:00.000Z
4.74848E-05,4.88652E-05,4.07011E-05,4.13512E-05,73483464.38,2023-02-20T00:00:00.000Z
4.13485E-05,4.40518E-05,3.72827E-05,3.84085E-05,48450719.88,2023-02-21T00:00:00.000Z
3.84241E-05,5.3425E-05,3.80429E-05,5.32771E-05,139993732.7,2023-02-22T00:00:00.000Z
5.32653E-05,5.59154E-05,4.76776E-05,4.94151E-05,79522093.54,2023-02-23T00:00:00.000Z
4.94125E-05,5.24772E-05,4.61936E-05,4.70785E-05,65041500.38,2023-02-24T00:00:00.000Z
4.70771E-05,4.81631E-05,4.48506E-05,4.7805E-05,40119000.34,2023-02-25T00:00:00.000Z
4.78553E-05,5.24144E-05,4.72659E-05,5.12884E-05,62643019.09,2023-02-26T00:00:00.000Z
5.13187E-05,5.22703E-05,4.86565E-05,4.95228E-05,62279838.67,2023-02-27T00:00:00.000Z
4.9516E-05,4.98674E-05,4.63778E-05,4.63778E-05,43354827.28,2023-02-28T00:00:00.000Z
4.63699E-05,4.90506E-05,4.61071E-05,4.68539E-05,33989870.91,2023-03-01T00:00:00.000Z
4.68536E-05,4.68891E-05,4.25628E-05,4.50447E-05,46903078.26,2023-03-02T00:00:00.000Z
4.5058E-05,4.5221E-05,3.88814E-05,4.07873E-05,51328501.21,2023-03-03T00:00:00.000Z
4.07592E-05,4.32639E-05,4.00806E-05,4.1775E-05,41699601.43,2023-03-04T00:00:00.000Z
4.17622E-05,4.30055E-05,4.0381E-05,4.13791E-05,27563247.33,2023-03-05T00:00:00.000Z
4.13685E-05,4.23616E-05,4.0293E-05,4.13052E-05,29576444.68,2023-03-06T00:00:00.000Z
4.13244E-05,4.72936E-05,4.11735E-05,4.21044E-05,61689004.56,2023-03-07T00:00:00.000Z
4.20998E-05,4.29152E-05,3.88271E-05,3.88271E-05,41972008.05,2023-03-08T00:00:00.000Z
3.88145E-05,3.89766E-05,3.15766E-05,3.3212E-05,52848904.09,2023-03-09T00:00:00.000Z
3.32273E-05,3.37714E-05,2.62942E-05,3.33614E-05,77605612.55,2023-03-10T00:00:00.000Z
3.33559E-05,3.62635E-05,3.03966E-05,3.27786E-05,57424529.77,2023-03-11T00:00:00.000Z
3.27771E-05,3.61672E-05,3.11832E-05,3.60339E-05,35590268.88,2023-03-12T00:00:00.000Z
3.60538E-05,4.02181E-05,3.38746E-05,3.78899E-05,67728766.1,2023-03-13T00:00:00.000Z
3.79099E-05,4.16584E-05,3.72628E-05,3.86118E-05,65506807.49,2023-03-14T00:00:00.000Z
3.86072E-05,3.95187E-05,3.40909E-05,3.56953E-05,46608372.32,2023-03-15T00:00:00.000Z
3.57142E-05,3.80631E-05,3.54921E-05,3.77796E-05,32451358.43,2023-03-16T00:00:00.000Z
3.7824E-05,4.12716E-05,3.71634E-05,4.1248E-05,45195390.75,2023-03-17T00:00:00.000Z
4.1204E-05,4.16956E-05,3.71389E-05,3.72493E-05,38003569.64,2023-03-18T00:00:00.000Z
3.72547E-05,3.99606E-05,3.71407E-05,3.84641E-05,32069379.59,2023-03-19T00:00:00.000Z
3.84357E-05,4.09388E-05,3.57692E-05,3.81359E-05,50039881.33,2023-03-20T00:00:00.000Z
3.81338E-05,4.0018E-05,3.79377E-05,3.96259E-05,32888104.69,2023-03-21T00:00:00.000Z
3.96236E-05,3.9893E-05,3.50772E-05,3.67649E-05,37039541.69,2023-03-22T00:00:00.000Z
3.67474E-05,3.84026E-05,3.64353E-05,3.82276E-05,28152415.02,2023-03-23T00:00:00.000Z
3.822E-05,3.82389E-05,3.50166E-05,3.5474E-05,29101610.06,2023-03-24T00:00:00.000Z
3.54711E-05,3.62876E-05,3.46448E-05,3.52516E-05,25367164.05,2023-03-25T00:00:00.000Z
3.52536E-05,3.67841E-05,3.50616E-05,3.6208E-05,27447983.66,2023-03-26T00:00:00.000Z
3.62051E-05,3.62667E-05,3.3031E-05,3.32381E-05,29312985.79,2023-03-27T00:00:00.000Z
3.32651E-05,3.36534E-05,3.19525E-05,3.34491E-05,22006878.91,2023-03-28T00:00:00.000Z
3.34596E-05,3.57084E-05,3.33822E-05,3.46721E-05,20632883.14,2023-03-29T00:00:00.000Z
3.46822E-05,3.49588E-05,3.25414E-05,3.29135E-05,29996161.75,2023-03-30T00:00:00.000Z
3.29098E-05,3.39656E-05,3.24894E-05,3.36344E-05,22869349.26,2023-03-31T00:00:00.000Z
3.36283E-05,3.82038E-05,3.26784E-05,3.79455E-05,25606737.2,2023-04-01T00:00:00.000Z
3.45731E-05,3.82038E-05,3.40489E-05,3.43541E-05,33839019.53,2023-04-02T00:00:00.000Z
3.43562E-05,4.00593E-05,3.31031E-05,3.68226E-05,56353153.13,2023-04-03T00:00:00.000Z
3.68435E-05,3.88462E-05,3.59976E-05,3.62667E-05,33930100.8,2023-04-04T00:00:00.000Z
3.62653E-05,3.75778E-05,3.56341E-05,3.60817E-05,20934646.2,2023-04-05T00:00:00.000Z
3.60783E-05,3.61006E-05,3.43224E-05,3.43932E-05,15033868.91,2023-04-06T00:00:00.000Z
3.43882E-05,3.44746E-05,3.37762E-05,3.40459E-05,12093403.16,2023-04-07T00:00:00.000Z
3.40445E-05,3.49676E-05,3.37803E-05,3.4122E-05,13190285.52,2023-04-08T00:00:00.000Z
3.41221E-05,3.53416E-05,3.38805E-05,3.47389E-05,11760706.06,2023-04-09T00:00:00.000Z
3.4737E-05,3.48343E-05,3.39105E-05,3.47839E-05,13096549.07,2023-04-10T00:00:00.000Z
3.47877E-05,3.52225E-05,3.41088E-05,3.41852E-05,14341071.15,2023-04-11T00:00:00.000Z
3.41836E-05,3.48679E-05,3.28079E-05,3.39597E-05,22245743.31,2023-04-12T00:00:00.000Z
3.39295E-05,3.71814E-05,3.37553E-05,3.62781E-05,23595125.54,2023-04-13T00:00:00.000Z
3.6285E-05,3.72937E-05,3.4654E-05,3.54362E-05,22738591.03,2023-04-14T00:00:00.000Z
3.5437E-05,3.74572E-05,3.5012E-05,3.73286E-05,21872526.22,2023-04-15T00:00:00.000Z
3.73271E-05,4.10388E-05,3.72948E-05,4.04578E-05,49491982.47,2023-04-16T00:00:00.000Z
4.04476E-05,4.04476E-05,3.73783E-05,3.76251E-05,24805901.03,2023-04-17T00:00:00.000Z
3.76196E-05,3.82356E-05,3.66162E-05,3.72395E-05,17693143.92,2023-04-18T00:00:00.000Z
3.72389E-05,3.74977E-05,3.27019E-05,3.30224E-05,24337870.66,2023-04-19T00:00:00.000Z
3.30205E-05,3.36935E-05,3.0021E-05,3.11604E-05,22595074.04,2023-04-20T00:00:00.000Z
3.11604E-05,3.1413E-05,2.8022E-05,2.80233E-05,18300525.15,2023-04-21T00:00:00.000Z
2.80228E-05,3.04587E-05,2.69841E-05,3.02432E-05,17626946.49,2023-04-22T00:00:00.000Z
3.02434E-05,3.03174E-05,2.82219E-05,2.86673E-05,11471609.76,2023-04-23T00:00:00.000Z
2.8667E-05,4.82046E-05,2.83264E-05,4.45468E-05,194289705.7,2023-04-24T00:00:00.000Z
4.45231E-05,4.45667E-05,3.52241E-05,3.72785E-05,135205303.4,2023-04-25T00:00:00.000Z
3.72734E-05,3.99872E-05,3.51493E-05,3.65674E-05,58132243.6,2023-04-26T00:00:00.000Z
3.65682E-05,3.80694E-05,3.62089E-05,3.65346E-05,28370816.45,2023-04-27T00:00:00.000Z
3.65432E-05,3.72623E-05,3.56407E-05,3.59121E-05,23132265.21,2023-04-28T00:00:00.000Z
3.59101E-05,3.6583E-05,3.53196E-05,3.54026E-05,20522215.67,2023-04-29T00:00:00.000Z
3.53981E-05,3.56783E-05,3.44144E-05,3.44144E-05,22877300.97,2023-04-30T00:00:00.000Z
3.43833E-05,3.43833E-05,3.16923E-05,3.21862E-05,27649661.1,2023-05-01T00:00:00.000Z
3.21908E-05,3.29144E-05,3.13346E-05,3.2406E-05,21887347,2023-05-02T00:00:00.000Z
3.24075E-05,3.56838E-05,3.23722E-05,3.3458E-05,37360235.7,2023-05-03T00:00:00.000Z
3.34585E-05,3.46373E-05,3.22531E-05,3.22961E-05,21904737.57,2023-05-04T00:00:00.000Z
3.23072E-05,5.48646E-05,3.184E-05,4.80339E-05,380801435.8,2023-05-05T00:00:00.000Z
4.80797E-05,4.82005E-05,3.88348E-05,3.99261E-05,156730719.5,2023-05-06T00:00:00.000Z
3.99222E-05,4.17907E-05,3.83812E-05,3.96811E-05,64526352.71,2023-05-07T00:00:00.000Z
3.96393E-05,3.98772E-05,3.30028E-05,3.44802E-05,66152227.98,2023-05-08T00:00:00.000Z
3.44834E-05,3.63422E-05,3.3976E-05,3.5888E-05,47937199.13,2023-05-09T00:00:00.000Z
3.58889E-05,3.78738E-05,3.44246E-05,3.75939E-05,46783092.51,2023-05-10T00:00:00.000Z
3.75899E-05,3.76405E-05,3.33251E-05,3.53719E-05,61220276.54,2023-05-11T00:00:00.000Z
3.54132E-05,3.62545E-05,3.32711E-05,3.61642E-05,47055501.56,2023-05-12T00:00:00.000Z
3.62065E-05,3.69415E-05,3.5037E-05,3.59846E-05,35960886.23,2023-05-13T00:00:00.000Z
3.59736E-05,3.60871E-05,3.5178E-05,3.58297E-05,18865845.31,2023-05-14T00:00:00.000Z
3.58305E-05,3.61018E-05,3.49167E-05,3.54137E-05,20477430.76,2023-05-15T00:00:00.000Z
3.54067E-05,3.56218E-05,3.36809E-05,3.39147E-05,18839205.81,2023-05-16T00:00:00.000Z
3.39158E-05,3.4141E-05,3.20714E-05,3.35983E-05,26049011.36,2023-05-17T00:00:00.000Z
3.35995E-05,3.50935E-05,3.22374E-05,3.26334E-05,36049945.02,2023-05-18T00:00:00.000Z
3.26349E-05,3.28034E-05,3.22768E-05,3.27831E-05,20957701.33,2023-05-19T00:00:00.000Z
3.27834E-05,3.39771E-05,3.23537E-05,3.31732E-05,28638122.86,2023-05-20T00:00:00.000Z
3.31736E-05,3.31959E-05,3.08739E-05,3.10004E-05,23347327.78,2023-05-21T00:00:00.000Z
3.10014E-05,3.14063E-05,3.02945E-05,3.10648E-05,21976775.31,2023-05-22T00:00:00.000Z
3.10638E-05,3.19886E-05,3.09289E-05,3.18037E-05,18980844.17,2023-05-23T00:00:00.000Z
3.18074E-05,3.33749E-05,2.99892E-05,3.1319E-05,70144654.31,2023-05-24T00:00:00.000Z
3.13173E-05,3.28967E-05,2.99991E-05,3.1154E-05,52100808.72,2023-05-25T00:00:00.000Z
3.11537E-05,3.17992E-05,3.04749E-05,3.1178E-05,27295192.26,2023-05-26T00:00:00.000Z
3.11752E-05,3.33421E-05,3.1062E-05,3.31467E-05,25161616.28,2023-05-27T00:00:00.000Z
3.31459E-05,3.63776E-05,3.24757E-05,3.49437E-05,98666993,2023-05-28T00:00:00.000Z
3.49468E-05,3.50719E-05,3.30974E-05,3.33286E-05,33167728.81,2023-05-29T00:00:00.000Z
3.33337E-05,3.34025E-05,3.25121E-05,3.30109E-05,23371506.31,2023-05-30T00:00:00.000Z
3.30129E-05,3.32376E-05,3.07539E-05,3.14325E-05,24555517.55,2023-05-31T00:00:00.000Z
3.14298E-05,3.26213E-05,3.09624E-05,3.14342E-05,26161936.52,2023-06-01T00:00:00.000Z
3.14352E-05,3.22221E-05,3.10583E-05,3.21773E-05,20789055.71,2023-06-02T00:00:00.000Z
3.21764E-05,3.24877E-05,3.1561E-05,3.17304E-05,15777752.54,2023-06-03T00:00:00.000Z
3.17287E-05,3.19952E-05,3.1352E-05,3.13693E-05,12516762.7,2023-06-04T00:00:00.000Z
3.1367E-05,3.13751E-05,2.70822E-05,2.79235E-05,28113943.54,2023-06-05T00:00:00.000Z
2.79219E-05,2.91321E-05,2.70274E-05,2.88173E-05,23814657.81,2023-06-06T00:00:00.000Z
2.88187E-05,2.88187E-05,2.63774E-05,2.6683E-05,17749392.58,2023-06-07T00:00:00.000Z
2.6686E-05,2.77927E-05,2.6686E-05,2.71211E-05,17800986.92,2023-06-08T00:00:00.000Z
2.71188E-05,2.73108E-05,2.63923E-05,2.65507E-05,15018345,2023-06-09T00:00:00.000Z
2.65501E-05,2.65726E-05,2.03153E-05,2.14247E-05,39100436.55,2023-06-10T00:00:00.000Z
2.14249E-05,2.186E-05,2.10101E-05,2.12613E-05,18236731.66,2023-06-11T00:00:00.000Z
2.12626E-05,2.19078E-05,2.06159E-05,2.15723E-05,14508008.32,2023-06-12T00:00:00.000Z
2.15716E-05,2.3178E-05,2.14298E-05,2.20997E-05,20948698,2023-06-13T00:00:00.000Z
2.20997E-05,2.23908E-05,2.10328E-05,2.1379E-05,14851629.07,2023-06-14T00:00:00.000Z
2.1378E-05,2.17423E-05,2.06539E-05,2.14877E-05,14182627.67,2023-06-15T00:00:00.000Z
2.1487E-05,2.23865E-05,2.10165E-05,2.19159E-05,20936209.07,2023-06-16T00:00:00.000Z
2.19169E-05,2.28379E-05,2.1693E-05,2.24149E-05,14959787.79,2023-06-17T00:00:00.000Z
2.24195E-05,2.2608E-05,2.17772E-05,2.17981E-05,12306226.07,2023-06-18T00:00:00.000Z
2.17994E-05,2.19643E-05,2.14454E-05,2.19331E-05,10951382.61,2023-06-19T00:00:00.000Z
2.19342E-05,2.29581E-05,2.13004E-05,2.29242E-05,18158738.38,2023-06-20T00:00:00.000Z
2.292E-05,2.86372E-05,2.2856E-05,2.59633E-05,73103427.47,2023-06-21T00:00:00.000Z
2.59522E-05,2.91886E-05,2.57051E-05,2.60315E-05,123330518.2,2023-06-22T00:00:00.000Z
2.60323E-05,2.8349E-05,2.60291E-05,2.70188E-05,49673656.87,2023-06-23T00:00:00.000Z
2.70291E-05,2.78785E-05,2.62778E-05,2.70857E-05,28142821.52,2023-06-24T00:00:00.000Z
2.70822E-05,2.77272E-05,2.68228E-05,2.72881E-05,22062731.31,2023-06-25T00:00:00.000Z
2.72862E-05,2.72872E-05,2.56781E-05,2.59173E-05,19803726.54,2023-06-26T00:00:00.000Z
2.59155E-05,2.63213E-05,2.5775E-05,2.61726E-05,17989790.01,2023-06-27T00:00:00.000Z
2.61787E-05,2.61787E-05,2.36442E-05,2.40104E-05,19613163.75,2023-06-28T00:00:00.000Z
2.39924E-05,2.47372E-05,2.38487E-05,2.42996E-05,15095873.27,2023-06-29T00:00:00.000Z
2.42956E-05,2.99799E-05,2.41706E-05,2.8505E-05,94785262.64,2023-06-30T00:00:00.000Z
2.85061E-05,3.03523E-05,2.72529E-05,2.77751E-05,77910965.15,2023-07-01T00:00:00.000Z
2.77917E-05,2.77917E-05,2.63198E-05,2.67541E-05,22347441.29,2023-07-02T00:00:00.000Z
2.67518E-05,2.88984E-05,2.66219E-05,2.78095E-05,41859558.31,2023-07-03T00:00:00.000Z
2.78028E-05,2.79584E-05,2.67174E-05,2.67837E-05,23221402.43,2023-07-04T00:00:00.000Z
2.67852E-05,2.69131E-05,2.50837E-05,2.54517E-05,21189354.2,2023-07-05T00:00:00.000Z
2.54518E-05,2.66944E-05,2.45812E-05,2.45812E-05,20137952.19,2023-07-06T00:00:00.000Z
2.45834E-05,2.52351E-05,2.43245E-05,2.52351E-05,14649240.63,2023-07-07T00:00:00.000Z
2.5235E-05,2.52675E-05,2.46947E-05,2.50106E-05,12143294.45,2023-07-08T00:00:00.000Z
2.50112E-05,2.50655E-05,2.45611E-05,2.45939E-05,9587977.86,2023-07-09T00:00:00.000Z
2.45954E-05,2.53707E-05,2.39971E-05,2.51609E-05,16566719.75,2023-07-10T00:00:00.000Z
2.51631E-05,2.54679E-05,2.47028E-05,2.48731E-05,13930402.69,2023-07-11T00:00:00.000Z
2.48723E-05,2.53104E-05,2.451E-05,2.47521E-05,11504278.66,2023-07-12T00:00:00.000Z
2.47565E-05,2.655E-05,2.43428E-05,2.655E-05,21376421.73,2023-07-13T00:00:00.000Z
2.65506E-05,2.73243E-05,2.50924E-05,2.57787E-05,24400125.84,2023-07-14T00:00:00.000Z
2.57933E-05,2.67083E-05,2.53792E-05,2.58482E-05,20787197.68,2023-07-15T00:00:00.000Z
2.5851E-05,2.58831E-05,2.47085E-05,2.47085E-05,11564535.46,2023-07-16T00:00:00.000Z
2.47101E-05,2.49937E-05,2.40301E-05,2.45394E-05,12972367.51,2023-07-17T00:00:00.000Z
2.45383E-05,2.47638E-05,2.36951E-05,2.39066E-05,11170636.92,2023-07-18T00:00:00.000Z
2.39134E-05,2.42879E-05,2.38829E-05,2.40081E-05,10420524.53,2023-07-19T00:00:00.000Z
2.40083E-05,2.46592E-05,2.38182E-05,2.39874E-05,12149150.25,2023-07-20T00:00:00.000Z
2.39836E-05,2.43166E-05,2.37966E-05,2.41285E-05,11991119.68,2023-07-21T00:00:00.000Z
2.41279E-05,2.42604E-05,2.36602E-05,2.37695E-05,9432888.85,2023-07-22T00:00:00.000Z
2.37702E-05,2.41894E-05,2.3699E-05,2.39638E-05,8058912.89,2023-07-23T00:00:00.000Z
2.39639E-05,2.4013E-05,2.19414E-05,2.21226E-05,14853758.58,2023-07-24T00:00:00.000Z
2.2117E-05,2.29964E-05,2.17874E-05,2.25833E-05,14471828.94,2023-07-25T00:00:00.000Z
2.25765E-05,2.26574E-05,2.18937E-05,2.23309E-05,11779078.2,2023-07-26T00:00:00.000Z
2.23326E-05,2.30013E-05,2.21293E-05,2.22997E-05,10917894.64,2023-07-27T00:00:00.000Z
2.23011E-05,2.25681E-05,2.19426E-05,2.23978E-05,11208631.16,2023-07-28T00:00:00.000Z
2.23903E-05,2.32364E-05,2.23531E-05,2.29577E-05,16529745.15,2023-07-29T00:00:00.000Z
2.29573E-05,2.29596E-05,2.19657E-05,2.22174E-05,11427516.88,2023-07-30T00:00:00.000Z
2.22166E-05,2.25461E-05,2.19862E-05,2.21013E-05,10404117.54,2023-07-31T00:00:00.000Z
2.2101E-05,2.27379E-05,2.16384E-05,2.27012E-05,13783984.02,2023-08-01T00:00:00.000Z
2.27016E-05,2.28665E-05,2.20433E-05,2.223E-05,11334437.7,2023-08-02T00:00:00.000Z
2.22308E-05,2.22308E-05,2.17687E-05,2.18026E-05,8483068.72,2023-08-03T00:00:00.000Z
2.18008E-05,2.20292E-05,2.15074E-05,2.16844E-05,9305595.44,2023-08-04T00:00:00.000Z
2.1684E-05,2.31805E-05,2.14655E-05,2.27593E-05,29523151.63,2023-08-05T00:00:00.000Z
2.27583E-05,2.36957E-05,2.24222E-05,2.2664E-05,20675597.64,2023-08-06T00:00:00.000Z
2.26617E-05,2.30521E-05,2.17921E-05,2.21291E-05,15783652.33,2023-08-07T00:00:00.000Z
2.21272E-05,2.24757E-05,2.16261E-05,2.22268E-05,13060826.94,2023-08-08T00:00:00.000Z
2.22252E-05,2.28299E-05,2.21448E-05,2.22686E-05,15755404.27,2023-08-09T00:00:00.000Z
2.22691E-05,2.24585E-05,2.21266E-05,2.24142E-05,9843317.19,2023-08-10T00:00:00.000Z
2.24119E-05,2.2822E-05,2.21959E-05,2.27908E-05,11965503.56,2023-08-11T00:00:00.000Z
2.27887E-05,2.33873E-05,2.27441E-05,2.32161E-05,17050268.74,2023-08-12T00:00:00.000Z
2.3217E-05,2.34387E-05,2.29132E-05,2.29925E-05,14231201.69,2023-08-13T00:00:00.000Z
2.29911E-05,2.44893E-05,2.29443E-05,2.38187E-05,23019241.05,2023-08-14T00:00:00.000Z
2.38195E-05,2.47956E-05,2.25027E-05,2.29582E-05,40510310.92,2023-08-15T00:00:00.000Z
2.29577E-05,2.30617E-05,2.1007E-05,2.12333E-05,17051608.13,2023-08-16T00:00:00.000Z
2.12291E-05,2.18132E-05,1.81819E-05,1.83621E-05,22621159.61,2023-08-17T00:00:00.000Z
1.8362E-05,1.87828E-05,1.78286E-05,1.8433E-05,18805293.15,2023-08-18T00:00:00.000Z
1.84349E-05,1.89531E-05,1.84154E-05,1.87456E-05,10713904.54,2023-08-19T00:00:00.000Z
1.87462E-05,1.90632E-05,1.87462E-05,1.89334E-05,8726129.15,2023-08-20T00:00:00.000Z
1.8933E-05,1.89415E-05,1.81648E-05,1.83978E-05,9579336.61,2023-08-21T00:00:00.000Z
1.83972E-05,1.84458E-05,1.75117E-05,1.80483E-05,9659657.91,2023-08-22T00:00:00.000Z
1.80495E-05,1.87516E-05,1.79328E-05,1.85336E-05,9600756.93,2023-08-23T00:00:00.000Z
1.85335E-05,1.85621E-05,1.78814E-05,1.80417E-05,9357797.54,2023-08-24T00:00:00.000Z
1.80416E-05,1.80647E-05,1.73664E-05,1.75611E-05,9666843.9,2023-08-25T00:00:00.000Z
1.75619E-05,1.78126E-05,1.7517E-05,1.76313E-05,7936696.26,2023-08-26T00:00:00.000Z
1.76309E-05,1.77118E-05,1.75248E-05,1.76479E-05,6932538.3,2023-08-27T00:00:00.000Z
1.76489E-05,1.77148E-05,1.72689E-05,1.75856E-05,7383770.81,2023-08-28T00:00:00.000Z
1.75853E-05,1.88103E-05,1.71537E-05,1.85463E-05,11626579.96,2023-08-29T00:00:00.000Z
1.85467E-05,1.87111E-05,1.80174E-05,1.82967E-05,11366491.67,2023-08-30T00:00:00.000Z
1.82967E-05,1.83124E-05,1.73141E-05,1.74429E-05,8036641.9,2023-08-31T00:00:00.000Z
1.74431E-05,1.74984E-05,1.68013E-05,1.70416E-05,8231488.47,2023-09-01T00:00:00.000Z
1.7042E-05,1.7111E-05,1.68848E-05,1.7031E-05,7188457.87,2023-09-02T00:00:00.000Z
1.7036E-05,1.70945E-05,1.67858E-05,1.69247E-05,7245328.64,2023-09-03T00:00:00.000Z
1.69243E-05,1.71209E-05,1.67895E-05,1.69431E-05,8640431.85,2023-09-04T00:00:00.000Z
1.69443E-05,1.71426E-05,1.68079E-05,1.70192E-05,7453616.43,2023-09-05T00:00:00.000Z
1.70198E-05,1.70884E-05,1.6686E-05,1.68854E-05,8251501.03,2023-09-06T00:00:00.000Z
1.68856E-05,1.71945E-05,1.67227E-05,1.71641E-05,7420060.2,2023-09-07T00:00:00.000Z
1.71657E-05,1.97502E-05,1.69275E-05,1.88073E-05,46550383.39,2023-09-08T00:00:00.000Z
1.87962E-05,1.87962E-05,1.72654E-05,1.75495E-05,25140567.29,2023-09-09T00:00:00.000Z
1.75546E-05,1.76601E-05,1.65053E-05,1.67423E-05,10934453.09,2023-09-10T00:00:00.000Z
1.67432E-05,1.68228E-05,1.5404E-05,1.55858E-05,10307646.05,2023-09-11T00:00:00.000Z
1.5585E-05,1.62979E-05,1.5585E-05,1.57237E-05,10188998.88,2023-09-12T00:00:00.000Z
1.57272E-05,1.61014E-05,1.56278E-05,1.60073E-05,9006952.75,2023-09-13T00:00:00.000Z
1.60105E-05,1.6179E-05,1.58452E-05,1.596E-05,6823989.77,2023-09-14T00:00:00.000Z
1.5967E-05,1.61645E-05,1.57722E-05,1.61211E-05,6981068.99,2023-09-15T00:00:00.000Z
1.61206E-05,1.65619E-05,1.61206E-05,1.62156E-05,8648158.1,2023-09-16T00:00:00.000Z
1.62156E-05,1.62156E-05,1.55481E-05,1.55928E-05,7269795.52,2023-09-17T00:00:00.000Z
1.55903E-05,1.60771E-05,1.53864E-05,1.57552E-05,7142383.43,2023-09-18T00:00:00.000Z
1.57555E-05,1.61024E-05,1.56992E-05,1.59464E-05,5532692.58,2023-09-19T00:00:00.000Z
1.59464E-05,1.60184E-05,1.57064E-05,1.58374E-05,5680504.36,2023-09-20T00:00:00.000Z
1.58368E-05,1.6023E-05,1.53732E-05,1.54413E-05,6259889.94,2023-09-21T00:00:00.000Z
1.54425E-05,1.63478E-05,1.53727E-05,1.61611E-05,13638917.68,2023-09-22T00:00:00.000Z
1.61638E-05,1.62834E-05,1.56837E-05,1.5906E-05,7696072.12,2023-09-23T00:00:00.000Z
1.59056E-05,1.59216E-05,1.5519E-05,1.5519E-05,5337705.18,2023-09-24T00:00:00.000Z
1.55197E-05,1.58612E-05,1.54719E-05,1.57774E-05,5399685.92,2023-09-25T00:00:00.000Z
1.57736E-05,1.59177E-05,1.55159E-05,1.55663E-05,5853907.79,2023-09-26T00:00:00.000Z
1.55649E-05,1.60164E-05,1.55224E-05,1.56547E-05,7215195.22,2023-09-27T00:00:00.000Z
1.56555E-05,1.61339E-05,1.56211E-05,1.602E-05,7192108.07,2023-09-28T00:00:00.000Z
1.6022E-05,1.7209E-05,1.6022E-05,1.64992E-05,16722529.24,2023-09-29T00:00:00.000Z
1.65002E-05,1.95373E-05,1.64798E-05,1.85002E-05,78165209.83,2023-09-30T00:00:00.000Z
1.84986E-05,1.97297E-05,1.82292E-05,1.93827E-05,43575644.65,2023-10-01T00:00:00.000Z
